Site,Wetland,Date,SiteWetland_Date,Order,Family,Genus,LowestTaxon,Quantity,Sex,Stage
TX,NDP,02June21,TXNDP_02Jun21,Coleoptera,Hydrophilidae,Tropisternus,Tropisternus.lateralis,4,NA,Adult
TX,NDP,02June21,TXNDP_02Jun21,Coleoptera,Hydrophilidae,Tropisternus,Tropisternus,5,NA,Larva
TX,NDP,02June21,TXNDP_02Jun21,Coleoptera,Hydrophilidae,Berosus,Berosus,4,NA,Larva
TX,NDP,02June21,TXNDP_02Jun21,Coleoptera,Dytiscidae,Laccophilus,Laccophilus.proximus,1,NA,Adult
TX,NDP,02June21,TXNDP_02Jun21,Coleoptera,Dytiscidae,Laccophilus,Laccophilus,1,NA,Larva
TX,NDP,02June21,TXNDP_02Jun21,Coleoptera,Dytiscidae,Thermonectus,Thermonectus.basillaris,2,NA,Adult
TX,NDP,02June21,TXNDP_02Jun21,Coleoptera,Dytiscidae,Thermonectus,Thermonectus,10,NA,Larva
TX,NDP,02June21,TXNDP_02Jun21,Diptera,Chaoboridae,Chaoborus,Chaoborus,7,NA,Larva
TX,NDP,02June21,TXNDP_02Jun21,Diptera,Culicidae,Aedes,Aedes,1,NA,Larva
TX,NDP,02June21,TXNDP_02Jun21,Diptera,Chironomidae,Chironominae,Chironominae,1,NA,Larva
TX,NDP,02June21,TXNDP_02Jun21,Trombidiformes,Trombidiformes,Trombidiformes,Trombidiformes,1,NA,Adult
TX,NDP,02June21,TXNDP_02Jun21,Hemiptera,Corixidae,Trichocorixa,Trichocorixa,1,NA,Adult
TX,NDP,02June21,TXNDP_02Jun21,Ephemeroptera,Baetidae,Callibaetis,Callibaetis.pictus,179,NA,Nymph
TX,NDP,02June21,TXNDP_02Jun21,Anostraca,Streptocephalidae,Streptocephalus,Streptocephalus.texanus,1,F,NA
TX,NDP,02June21,TXNDP_02Jun21,Notostraca,Triopsidae,Triops,Triops,10,M,NA
TX,NDP,02June21,TXNDP_02Jun21,Notostraca,Triopsidae,Triops,Triops,6,F,NA
TX,NDP,02June21,TXNDP_02Jun21,Spinicaudata,Limnadiidae,Eulimnadia,Eulimnadia,19,F,NA
TX,SP,06May21,TXSP_06May21,Spinicaudata,Limnadiidae,Eulimnadia,Eulimnadia,239,F,NA
TX,SP,06May21,TXSP_06May21,Spinicaudata,Limnadiidae,Eulimnadia,Eulimnadia,18,M,NA
TX,SP,06May21,TXSP_06May21,Anostraca,Streptocephalidae,Streptocephalus,Streptocephalus.texanus,191,F,NA
TX,SP,06May21,TXSP_06May21,Anostraca,Streptocephalidae,Streptocephalus,Streptocephalus.texanus,293,M,NA
TX,SP,06May21,TXSP_06May21,Notostraca,Triopsidae,Triops,Triops,360,M,NA
TX,SP,06May21,TXSP_06May21,Notostraca,Triopsidae,Triops,Triops,276,F,NA
TX,SP,06May21,TXSP_06May21,Trombidiformes,Trombidiformes,Trombidiformes,Trombidiformes,1,NA,Adult
TX,SP,06May21,TXSP_06May21,Oligochaeta,Oligochaeta,Oligochaeta,Oligochaeta,318,NA,NA
TX,SP,06May21,TXSP_06May21,Hemiptera,Notonectidae,Buenoa,Buenoa,3,NA,Adult
TX,SP,06May21,TXSP_06May21,Coleoptera,Hydrophilidae,Tropisternus,Tropisternus,2,NA,Larva
TX,SP,06May21,TXSP_06May21,Coleoptera,Dytiscidae,Thermonectus,Thermonectus,12,NA,Larva
TX,SP,06May21,TXSP_06May21,Hemiptera,Mesoveliidae,Mesovelia,Mesovelia,1,NA,Adult
TX,SP,06May21,TXSP_06May21,Diptera,Culicidae,Aedes,Aedes,5,NA,Larva
TX,SP,06May21,TXSP_06May21,Diptera,Culicidae,Aedes,Aedes,9,NA,Pupa
TX,CB,02Jun21,TXCB_02Jun21,Oligochaeta,Oligochaeta,Oligochaeta,Oligochaeta,15,NA,NA
TX,CB,02Jun21,TXCB_02Jun21,Gastropoda,Planorbidae,Planorbidae,Planorbinae,2,NA,Adult
TX,CB,02Jun21,TXCB_02Jun21,Ephemeroptera,Baetidae,Callibaetis,Callibaetis.pictus,685,NA,Nymph
TX,CB,02Jun21,TXCB_02Jun21,Anostraca,Streptocephalidae,Streptocephalus,Streptocephalus.texanus,1,M,NA
TX,CB,02Jun21,TXCB_02Jun21,Odonata,Libellulidae,Pachydiplax,Pachydiplax.longipennis,5,NA,Nymph
TX,CB,02Jun21,TXCB_02Jun21,Odonata,Libellulidae,Erythrodiplax,Erythrodiplax.umbrata,2,NA,Nymph
TX,CB,02Jun21,TXCB_02Jun21,Coleoptera,Hydrophilidae,Berosus,Berosus,15,NA,Larva
TX,CB,02Jun21,TXCB_02Jun21,Coleoptera,Hydrophilidae,Berosus,Berosus.infuscatus,2,NA,Adult
TX,CB,02Jun21,TXCB_02Jun21,Coleoptera,Hydrophilidae,Tropisternus,Tropisternus,1,NA,Larva
TX,CB,02Jun21,TXCB_02Jun21,Coleoptera,Hydrophilidae,Laccobius,Laccobius,1,NA,Adult
TX,CB,02Jun21,TXCB_02Jun21,Hemiptera,Notonectidae,Notonectidae,Buenoa,24,NA,Nymph
TX,CB,02Jun21,TXCB_02Jun21,Hemiptera,Corixidae,Trichocorixa,Trichocorixa,3,NA,Nymph
TX,CB,02Jun21,TXCB_02Jun21,Coleoptera,Dytiscidae,Laccophilus,Laccophilus,5,NA,Larva
TX,CB,02Jun21,TXCB_02Jun21,Coleoptera,Dytiscidae,Laccophilus,Laccophilus.proximus,2,NA,Adult
TX,CB,02Jun21,TXCB_02Jun21,Coleoptera,Dytiscidae,Liodessus,Liodessus,1,NA,Larva
TX,CB,02Jun21,TXCB_02Jun21,Coleoptera,Dytiscidae,Cybister,Cybister.fimbriolatus,1,NA,Larva
TX,CB,02Jun21,TXCB_02Jun21,Coleoptera,Dytiscidae,Thermonectus,Thermonectus,2,NA,Larva
TX,CB,02Jun21,TXCB_02Jun21,Diptera,Chironomidae,Tanypodinae,Tanypodinae,22,NA,Larva
TX,CB,02Jun21,TXCB_02Jun21,Diptera,Chironomidae,Chironominae,Chironominae,16,NA,Larva
TX,CB,02Jun21,TXCB_02Jun21,Diptera,Chironomidae,Chironomidae,Chironomidae,20,NA,Pupa
TX,CB,02Jun21,TXCB_02Jun21,Odonata,Coenagrionidae,Coenagrionidae,Enallagma,2,NA,Nymph
TX,CB,14May21,TXCB_14May21,Hemiptera,Mesoveliidae,Mesovelia,Mesovelia,1,NA,Adult
TX,CB,14May21,TXCB_14May21,Hemiptera,Corixidae,Trichocorixa,Trichocorixa,2,NA,Adult
TX,CB,14May21,TXCB_14May21,Coleoptera,Hydrophilidae,Tropisternus,Tropisternus,4,NA,Larva
TX,HQ,02Jun21,TXHQ_02Jun21,Notostraca,Triopsidae,Triops,Triops,8,M,NA
TX,HQ,02Jun21,TXHQ_02Jun21,Notostraca,Triopsidae,Triops,Triops,12,F,NA
TX,HQ,02Jun21,TXHQ_02Jun21,Spinicaudata,Limnadiidae,Eulimnadia,Eulimnadia,112,F,NA
TX,HQ,02Jun21,TXHQ_02Jun21,Ephemeroptera,Baetidae,Callibaetis,Callibaetis.pictus,650,NA,Nymph
TX,HQ,02Jun21,TXHQ_02Jun21,Trombidiformes,Trombidiformes,Trombidiformes,Trombidiformes,1,NA,Adult
TX,HQ,02Jun21,TXHQ_02Jun21,Odonata,Libellulidae,Sympetrum,Sympetrum.corruptum,1,NA,Nymph
TX,HQ,02Jun21,TXHQ_02Jun21,Diptera,Chironomidae,Tanypodinae,Tanypodinae,8,NA,Larva
TX,HQ,02Jun21,TXHQ_02Jun21,Diptera,Chironomidae,Chironomidae,Chironomidae,1,NA,Pupa
TX,HQ,02Jun21,TXHQ_02Jun21,Coleoptera,Hydrophilidae,Tropisternus,Tropisternus,10,NA,Larva
TX,HQ,02Jun21,TXHQ_02Jun21,Coleoptera,Hydrophilidae,Berosus,Berosus.exiguus,2,NA,Adult
TX,HQ,02Jun21,TXHQ_02Jun21,Coleoptera,Hydrophilidae,Berosus,Berosus,26,NA,Larva
TX,HQ,02Jun21,TXHQ_02Jun21,Coleoptera,Haliplidae,Haliplus,Haliplus.tumidus,1,NA,Larva
TX,HQ,02Jun21,TXHQ_02Jun21,Coleoptera,Hydrophilidae,Enochrus,Enochrus,2,NA,Larva
TX,HQ,02Jun21,TXHQ_02Jun21,Coleoptera,Dytiscidae,Neobidessus,Neobidessus.pullus,1,NA,Adult
TX,HQ,02Jun21,TXHQ_02Jun21,Coleoptera,Dytiscidae,Laccophilus,Laccophilus,2,NA,Larva
TX,HQ,02Jun21,TXHQ_02Jun21,Coleoptera,Dytiscidae,Laccophilus,Laccophilus.proximus,4,NA,Adult
TX,HQ,02Jun21,TXHQ_02Jun21,Coleoptera,Dytiscidae,Liodessus,Liodessus,1,NA,Larva
TX,HQ,02Jun21,TXHQ_02Jun21,Coleoptera,Dytiscidae,Thermonectus,Thermonectus.basillaris,1,NA,Adult
TX,HQ,02Jun21,TXHQ_02Jun21,Coleoptera,Dytiscidae,Thermonectus,Thermonectus,19,NA,Larva
TX,CB,21May21,TXCB_21May21,Spinicaudata,Limnadiidae,Eulimnadia,Eulimnadia,977,F,NA
TX,CB,21May21,TXCB_21May21,Spinicaudata,Limnadiidae,Eulimnadia,Eulimnadia,747,F,NA
TX,CB,21May21,TXCB_21May21,Spinicaudata,Limnadiidae,Eulimnadia,Eulimnadia,548,F,NA
TX,CB,21May21,TXCB_21May21,Notostraca,Triopsidae,Triops,Triops,15,M,NA
TX,CB,21May21,TXCB_21May21,Notostraca,Triopsidae,Triops,Triops,19,F,NA
TX,CB,21May21,TXCB_21May21,Gastropoda,Planorbidae,Planorbinae,Planorbinae,1,NA,Adult
TX,CB,21May21,TXCB_21May21,Coleoptera,Hydrophilidae,Tropisternus,Tropisternus,2,NA,Larva
TX,CB,21May21,TXCB_21May21,Hemiptera,Corixidae,Trichocorixa,Trichocorixa,1,NA,Adult
TX,CB,21May21,TXCB_21May21,Diptera,Culicidae,Culicidae,Aedes,2,NA,Pupa
TX,CB,21May21,TXCB_21May21,Anostraca,Streptocephalidae,Streptocephalus,Streptocephalus.texanus,2,M,NA
TX,CB,21May21,TXCB_21May21,Anostraca,Streptocephalidae,Streptocephalus,Streptocephalus.texanus,3,F,NA
TX,CB,27May21,TXCB_27May21,Coleoptera,Dytiscidae,Thermonectus,Thermonectus,11,NA,Larva
TX,CB,27May21,TXCB_27May21,Hemiptera,Corixidae,Trichocorixa,Trichocorixa,4,NA,Adult
TX,CB,27May21,TXCB_27May21,Coleoptera,Hydrophilidae,Tropisternus,Tropisternus,1,NA,Larva
TX,CB,27May21,TXCB_27May21,Coleoptera,Dytiscidae,Laccophilus,Laccophilus.proximus,1,NA,Adult
TX,CB,27May21,TXCB_27May21,Oligochaeta,Oligochaeta,Oligochaeta,Oligochaeta,2,NA,NA
TX,CB,27May21,TXCB_27May21,Diptera,Chironomidae,Tanypodinae,Tanypodinae,1,NA,Larva
TX,CB,27May21,TXCB_27May21,Ephemeroptera,Baetidae,Callibaetis,Callibaetis.pictus,18,NA,Nymph
TX,CB,27May21,TXCB_27May21,Hemiptera,Mesoveliidae,Mesovelia,Mesovelia,1,NA,Adult
TX,CB,27May21,TXCB_27May21,Odonata,Libellulidae,Pantala,Pantala.flavescens,1,NA,Nymph
TX,CB,27May21,TXCB_27May21,Odonata,Libellulidae,Erythrodiplax,Erythrodiplax.umbrata,1,NA,Nymph
TX,CB,27May21,TXCB_27May21,Odonata,Coenagrionidae,Enallagma,Enallagma,4,NA,Nymph
TX,CB,27May21,TXCB_27May21,Notostraca,Triopsidae,Triops,Triops,4,M,NA
TX,CB,27May21,TXCB_27May21,Notostraca,Triopsidae,Triops,Triops,12,F,NA
TX,CB,27May21,TXCB_27May21,Anostraca,Streptocephalidae,Streptocephalus,Streptocephalus.texanus,60,M,NA
TX,CB,27May21,TXCB_27May21,Anostraca,Streptocephalidae,Streptocephalus,Streptocephalus.texanus,32,F,NA
TX,CB,27May21,TXCB_27May21,Spinicaudata,Limnadiidae,Eulimnadia,Eulimnadia,639,F,NA
TX,SP,02Jun21,TXSP_02Jun21,Ephemeroptera,Baetidae,Callibaetis,Callibaetis.pictus,178,NA,Nymph
TX,SP,02Jun21,TXSP_02Jun21,Coleoptera,Dytiscidae,Thermonectus,Thermonectus,2,NA,Larva
TX,SP,02Jun21,TXSP_02Jun21,Notostraca,Triopsidae,Triops,Triops,1,F,NA
TX,SP,02Jun21,TXSP_02Jun21,Hemiptera,Notonectidae,Notonecta,Notonecta,7,NA,Nymph
TX,SP,02Jun21,TXSP_02Jun21,Coleoptera,Hydrophilidae,Tropisternus,Tropisternus,1,NA,Larva
TX,SP,02Jun21,TXSP_02Jun21,Coleoptera,Hydrophilidae,Berosus,Berosus.infuscatus,1,NA,Adult
TX,SP,02Jun21,TXSP_02Jun21,Coleoptera,Hydrophilidae,Berosus,Berosus,1,NA,Larva
TX,SP,02Jun21,TXSP_02Jun21,Diptera,Chironomidae,Tanypodinae,Tanypodinae,1,NA,Larva
TX,SP,02Jun21,TXSP_02Jun21,Coleoptera,Haliplidae,Haliplus,Haliplus.tumidus,1,NA,Adult
TX,SP,02Jun21,TXSP_02Jun21,Coleoptera,Haliplidae,Haliplus,Haliplus.tumidus,1,NA,Larva
TX,SP,02Jun21,TXSP_02Jun21,Odonata,Coenagrionidae,Enallagma,Enallagma,1,NA,Nymph
TX,CB,07May21,TXCB_07May21,Oligochaeta,Oligochaeta,Oligochaeta,Oligochaeta,309,NA,NA
TX,CB,07May21,TXCB_07May21,Hemiptera,Corixidae,Trichocorixa,Trichocorixa,1,NA,Adult
TX,CB,07May21,TXCB_07May21,Coleoptera,Dytiscidae,Thermonectus,Thermonectus,11,NA,Larva
TX,CB,07May21,TXCB_07May21,Gastropoda,Planorbidae,Planorbinae,Planorbinae,1,NA,Adult
TX,CB,07May21,TXCB_07May21,Coleoptera,Hydrophilidae,Tropisternus,Tropisternus,4,NA,Larva
TX,CB,07May21,TXCB_07May21,Trombidiformes,Trombidiformes,Trombidiformes,Trombidiformes,1,NA,Adult
TX,CB,07May21,TXCB_07May21,Diptera,Culicidae,Aedes,Aedes,14,NA,Larva
TX,CB,07May21,TXCB_07May21,Diptera,Culicidae,Aedes,Aedes,58,NA,Pupa
TX,CB,07May21,TXCB_07May21,Hemiptera,Notonectidae,Buenoa,Buenoa,1,NA,Adult
TX,CB,07May21,TXCB_07May21,Coleoptera,Hydrophilidae,Hydrophilus,Hydrophilus.sp,1,NA,Larva
TX,CB,07May21,TXCB_07May21,Spinicaudata,Limnadiidae,Eulimnadia,Eulimnadia,677,F,NA
TX,CB,07May21,TXCB_07May21,Spinicaudata,Limnadiidae,Eulimnadia,Eulimnadia,1,M,NA
TX,CB,07May21,TXCB_07May21,Spinicaudata,Limnadiidae,Eulimnadia,Eulimnadia,619,F,NA
TX,CB,07May21,TXCB_07May21,Anostraca,Streptocephalidae,Streptocephalus,Streptocephalus.texanus,82,F,NA
TX,CB,07May21,TXCB_07May21,Anostraca,Streptocephalidae,Streptocephalus,Streptocephalus.texanus,118,M,NA
TX,CB,07May21,TXCB_07May21,Notostraca,Triopsidae,Triops,Triops,16,M,NA
TX,CB,07May21,TXCB_07May21,Notostraca,Triopsidae,Triops,Triops,27,F,NA
TX,SP,27May21,TXSP_27May21,Notostraca,Triopsidae,Triops,Triops,33,F,NA
TX,SP,27May21,TXSP_27May21,Notostraca,Triopsidae,Triops,Triops,24,M,NA
TX,SP,27May21,TXSP_27May21,Notostraca,Triopsidae,Triops,Triops,8,M,NA
TX,SP,27May21,TXSP_27May21,Notostraca,Triopsidae,Triops,Triops,9,F,NA
TX,SP,27May21,TXSP_27May21,Spinicaudata,Limnadiidae,Eulimnadia,Eulimnadia,67,F,NA
TX,SP,27May21,TXSP_27May21,Anostraca,Streptocephalidae,Streptocephalus,Streptocephalus.texanus,131,M,NA
TX,SP,27May21,TXSP_27May21,Anostraca,Streptocephalidae,Streptocephalus,Streptocephalus.texanus,172,F,NA
TX,SP,27May21,TXSP_27May21,Coleoptera,Hydrophilidae,Hydrophilus,Hydrophilus.sp,1,NA,Larva
TX,SP,27May21,TXSP_27May21,Oligochaeta,Oligochaeta,Oligochaeta,Oligochaeta,46,NA,NA
TX,SP,27May21,TXSP_27May21,Coleoptera,Dytiscidae,Thermonectus,Thermonectus,18,NA,Larva
TX,SP,27May21,TXSP_27May21,Ephemeroptera,Baetidae,Callibaetis,Callibaetis.pictus,57,NA,Nymph
TX,SP,27May21,TXSP_27May21,Hemiptera,Corixidae,Trichocorixa,Trichocorixa,1,NA,Adult
TX,SP,27May21,TXSP_27May21,Coleoptera,Haliplidae,Haliplus,Haliplus.tumidus,2,NA,Adult
TX,SP,27May21,TXSP_27May21,Coleoptera,Hydrophilidae,Tropisternus,Tropisternus,1,NA,Larva
TX,SP,27May21,TXSP_27May21,Odonata,Libellulidae,Sympetrum,Sympetrum.corruptum,1,NA,Nymph
TX,CB2,02June21,TXCB2_02Jun21,Diptera,Chironomidae,Tanypodinae,Tanypodinae,43,NA,Larva
TX,CB2,02June21,TXCB2_02Jun21,Notostraca,Triopsidae,Triops,Triops,5,M,NA
TX,CB2,02June21,TXCB2_02Jun21,Diptera,Chironomidae,Chironominae,Chironominae,43,NA,Larva
TX,CB2,02June21,TXCB2_02Jun21,Coleoptera,Haliplidae,Haliplus,Haliplus.tumidus,2,NA,Adult
TX,CB2,02June21,TXCB2_02Jun21,Ephemeroptera,Baetidae,Callibaetis,Callibaetis.pictus,226,NA,Nymph
TX,CB2,02June21,TXCB2_02Jun21,Hemiptera,Corixidae,Trichocorixa,Trichocorixa,11,NA,Adult
TX,CB2,02June21,TXCB2_02Jun21,Hemiptera,Corixidae,Trichocorixa,Trichocorixa,1,NA,Nymph
TX,CB2,02June21,TXCB2_02Jun21,Hemiptera,Notonectidae,Buenoa,Buenoa,1,NA,Nymph
TX,CB2,02June21,TXCB2_02Jun21,Coleoptera,Hydrophilidae,Berosus,Berosus.exiguus,2,NA,Adult
TX,CB2,02June21,TXCB2_02Jun21,Anostraca,Streptocephalidae,Streptocephalus,Streptocephalus.texanus,220,M,NA
TX,CB2,02June21,TXCB2_02Jun21,Anostraca,Streptocephalidae,Streptocephalus,Streptocephalus.texanus,298,F,NA
TX,CB2,02June21,TXCB2_02Jun21,Coleoptera,Dytiscidae,Thermonectus,Thermonectus,4,NA,Larva
TX,CB2,02June21,TXCB2_02Jun21,Diptera,Ceratopogonidae,Ceratopogoninae,Ceratopogoninae,1,NA,Larva
TX,CB2,02June21,TXCB2_02Jun21,Oligochaeta,Oligochaeta,Oligochaeta,Oligochaeta,14,NA,NA
TX,CB2,02June21,TXCB2_02Jun21,Odonata,Libellulidae,Pantala,Pantala.flavescens,1,NA,Nymph
TX,SP,21May21,TXSP_21May21,Spinicaudata,Limnadiidae,Eulimnadia,Eulimnadia,479,F,NA
TX,SP,21May21,TXSP_21May21,Spinicaudata,Limnadiidae,Eulimnadia,Eulimnadia,665,F,NA
TX,SP,21May21,TXSP_21May21,Spinicaudata,Limnadiidae,Eulimnadia,Eulimnadia,173,M,NA
TX,SP,21May21,TXSP_21May21,Notostraca,Triopsidae,Triops,Triops,34,F,NA
TX,SP,21May21,TXSP_21May21,Notostraca,Triopsidae,Triops,Triops,46,M,NA
TX,SP,21May21,TXSP_21May21,Anostraca,Streptocephalidae,Streptocephalus,Streptocephalus.texanus,19,F,NA
TX,SP,21May21,TXSP_21May21,Anostraca,Streptocephalidae,Streptocephalus,Streptocephalus.texanus,30,M,NA
TX,SP,21May21,TXSP_21May21,Diptera,Culicidae,Aedes,Aedes,4,NA,Larva
TX,SP,21May21,TXSP_21May21,Diptera,Culicidae,Aedes,Aedes,3,NA,Pupa
TX,SP,21May21,TXSP_21May21,Coleoptera,Haliplidae,Haliplus,Haliplus.tumidus,2,NA,Adult
TX,SP,21May21,TXSP_21May21,Oligochaeta,Oligochaeta,Oligochaeta,Oligochaeta,2,NA,NA
TX,SP,21May21,TXSP_21May21,Coleoptera,Hydrophilidae,Tropisternus,Tropisternus,1,NA,Larva
TX,SP,21May21,TXSP_21May21,Coleoptera,Hydrophilidae,Berosus,Berosus.infuscatus,3,NA,Adult
TX,SP,21May21,TXSP_21May21,Coleoptera,Dytiscidae,Laccophilus,Laccophilus,6,NA,Larva
TX,SP,21May21,TXSP_21May21,Hemiptera,Corixidae,Trichocorixa,Trichocorixa,4,NA,Adult
TX,NDP,27May21,TXNDP_27May21,Notostraca,Triopsidae,Triops,Triops,38,M,NA
TX,NDP,27May21,TXNDP_27May21,Notostraca,Triopsidae,Triops,Triops,31,F,NA
TX,NDP,27May21,TXNDP_27May21,Spinicaudata,Limnadiidae,Eulimnadia,Eulimnadia,208,F,NA
TX,NDP,27May21,TXNDP_27May21,Notostraca,Triopsidae,Triops,Triops,47,M,NA
TX,NDP,27May21,TXNDP_27May21,Spinicaudata,Limnadiidae,Eulimnadia,Eulimnadia,222,F,NA
TX,NDP,27May21,TXNDP_27May21,Spinicaudata,Limnadiidae,Eulimnadia,Eulimnadia,104,F,NA
TX,NDP,27May21,TXNDP_27May21,Spinicaudata,Limnadiidae,Eulimnadia,Eulimnadia,40,M,NA
TX,NDP,27May21,TXNDP_27May21,Anostraca,Streptocephalidae,Streptocephalus,Streptocephalus.texanus,1,F,NA
TX,NDP,27May21,TXNDP_27May21,Notostraca,Triopsidae,Triops,Triops,30,F,NA
TX,NDP,27May21,TXNDP_27May21,Notostraca,Triopsidae,Triops,Triops,30,M,NA
TX,NDP,27May21,TXNDP_27May21,Coleoptera,Dytiscidae,Thermonectus,Thermonectus,5,NA,Larva
TX,NDP,27May21,TXNDP_27May21,Coleoptera,Hydrophilidae,Tropisternus,Tropisternus,4,NA,Larva
TX,NDP,27May21,TXNDP_27May21,Ephemeroptera,Baetidae,Callibaetis,Callibaetis.pictus,39,NA,Nymph
TX,NDP,27May21,TXNDP_27May21,Oligochaeta,Oligochaeta,Oligochaeta,Oligochaeta,4,NA,NA
TX,NDP,27May21,TXNDP_27May21,Diptera,Chironomidae,Chironominae,Chironominae,1,NA,Larva
TX,CB2,27May21,TXCB2_27May21,Anostraca,Streptocephalidae,Streptocephalus,Streptocephalus.texanus,150,F,NA
TX,CB2,27May21,TXCB2_27May21,Anostraca,Streptocephalidae,Streptocephalus,Streptocephalus.texanus,197,F,NA
TX,CB2,27May21,TXCB2_27May21,Anostraca,Streptocephalidae,Streptocephalus,Streptocephalus.texanus,43,F,NA
TX,CB2,27May21,TXCB2_27May21,Anostraca,Streptocephalidae,Streptocephalus,Streptocephalus.texanus,130,M,NA
TX,CB2,27May21,TXCB2_27May21,Anostraca,Streptocephalidae,Streptocephalus,Streptocephalus.texanus,134,M,NA
TX,CB2,27May21,TXCB2_27May21,Anostraca,Streptocephalidae,Streptocephalus,Streptocephalus.texanus,138,M,NA
TX,CB2,27May21,TXCB2_27May21,Anostraca,Streptocephalidae,Streptocephalus,Streptocephalus.texanus,138,M,NA
TX,CB2,27May21,TXCB2_27May21,Anostraca,Streptocephalidae,Streptocephalus,Streptocephalus.texanus,107,M,NA
TX,CB2,27May21,TXCB2_27May21,Anostraca,Limnadiidae,Eulimnadia,Eulimnadia,255,F,NA
TX,CB2,27May21,TXCB2_27May21,Anostraca,Limnadiidae,Eulimnadia,Eulimnadia,114,F,NA
TX,CB2,27May21,TXCB2_27May21,Diptera,Chironomidae,Chironominae,Chironominae,3,NA,Larva
TX,CB2,27May21,TXCB2_27May21,Oligochaeta,Oligochaeta,Oligochaeta,Oligochaeta,12,NA,NA
TX,CB2,27May21,TXCB2_27May21,Coleoptera,Dytiscidae,Thermonectus,Thermonectus,9,NA,Larva
TX,CB2,27May21,TXCB2_27May21,Diptera,Ceratopogonidae,Ceratopogoninae,Ceratopogoninae,40,NA,Larva
TX,CB2,27May21,TXCB2_27May21,Notostraca,Triopsidae,Triops,Triops,2,F,NA
TX,CB2,27May21,TXCB2_27May21,Notostraca,Triopsidae,Triops,Triops,7,F,NA
TX,CB2,27May21,TXCB2_27May21,Notostraca,Triopsidae,Triops,Triops,7,M,NA
TX,CB2,27May21,TXCB2_27May21,Coleoptera,Dytiscidae,Cybister,Cybister.fimbriolatus,1,NA,Larva
TX,CB2,27May21,TXCB2_27May21,Coleoptera,Hydrophilidae,Tropisternus,Tropisternus,2,NA,Larva
TX,CB2,27May21,TXCB2_27May21,Ephemeroptera,Baetidae,Callibaetis,Callibaetis.pictus,16,NA,Nymph
NM,NM8,12July21,NM8_12Jul21,Coleoptera,Dytiscidae,Laccophilus,Laccophilus.sonorensis,2,NA,Adult
NM,NM8,12July21,NM8_12Jul21,Coleoptera,Hydrophilidae,Berosus,Berosus.miles,1,NA,Adult
NM,NM8,12July21,NM8_12Jul21,Coleoptera,Dytiscidae,Eretes,Eretes,2,NA,Larva
NM,NM8,12July21,NM8_12Jul21,Anostraca,Streptocephalidae,Streptocephalus,Streptocephalus,1,M,Immature
NM,NM8,12July21,NM8_12Jul21,Anostraca,Streptocephalidae,Streptocephalus,Streptocephalus,4,F,NA
NM,NM8,12July21,NM8_12Jul21,Diptera,Chironomidae,Chironominae,Chironominae,2,NA,Larva
NM,NM8,12July21,NM8_12Jul21,Hemiptera,Corixidae,Corisella,Corisella,1,NA,Adult
NM,NM8,12July21,NM8_12Jul21,Hemiptera,Corixidae,Sigara,Sigara,2,NA,Adult
NM,NM8,12July21,NM8_12Jul21,Hemiptera,Corixidae,Corixidae,Corixidae,3,NA,Nymph
NM,NM8,12July21,NM8_12Jul21,Ephemeroptera,Baetidae,Callibaetis,Callibaetis.californicus,14,NA,Nymph
NM,NM8,12July21,NM8_12Jul21,Notostraca,Thamnocephalidae,Thamnocephalus,Thamnocephalus.platyurus,13,F,NA
NM,NM8,12July21,NM8_12Jul21,Notostraca,Thamnocephalidae,Thamnocephalus,Thamnocephalus.platyurus,11,M,NA
NM,NM8,12July21,NM8_12Jul21,Notostraca,Thamnocephalidae,Thamnocephalus,Thamnocephalus.platyurus,10,M,NA
NM,NM8,12July21,NM8_12Jul21,Anostraca,Streptocephalidae,Streptocephalus,Streptocephalus.dorothae,192,M,Adult
NM,NM8,12July21,NM8_12Jul21,Anostraca,Anostraca,Anostraca,Anostraca,590,F,NA
NM,NM8,12July21,NM8_12Jul21,Anostraca,Streptocephalidae,Streptocephalus,Streptocephalus,328,M,Immature
NM,NM10,26July21,NM10_26Jul21,Anostraca,Streptocephalidae,Streptocephalus,Streptocephalus,2,M,Immature
NM,NM10,26July21,NM10_26Jul21,Anostraca,Streptocephalidae,Streptocephalus,Streptocephalus,1,F,NA
NM,NM10,26July21,NM10_26Jul21,Hemiptera,Corixidae,Corisella,Corisella,1,NA,Adult
NM,NM10,26July21,NM10_26Jul21,Hemiptera,Notonectidae,Buenoa,Buenoa,2,NA,Adult
NM,NM10,26July21,NM10_26Jul21,Hemiptera,Notonectidae,Notonectidae,Notonecta,4,NA,Nymph
NM,NM10,26July21,NM10_26Jul21,Coleoptera,Dytiscidae,Eretes,Eretes,4,NA,Larva
NM,NM10,26July21,NM10_26Jul21,Spinicaudata,Leptestheriidae,Leptestheria,Leptestheria.compleximanus,1,F,NA
NM,NM10,26July21,NM10_26Jul21,Spinicaudata,Leptestheriidae,Leptestheria,Leptestheria.compleximanus,2,M,NA
NM,NM10,26July21,NM10_26Jul21,Anostraca,Thamnocephalidae,Thamnocephalus,Thamnocephalus.platyurus,8,F,NA
NM,NM10,26July21,NM10_26Jul21,Anostraca,Thamnocephalidae,Thamnocephalus,Thamnocephalus.platyurus,5,M,NA
NM,NM10,26July21,NM10_26Jul21,Anostraca,Thamnocephalidae,Thamnocephalus,Thamnocephalus.platyurus,5,M,NA
NM,NM10,26July21,NM10_26Jul21,Anostraca,Thamnocephalidae,Thamnocephalus,Thamnocephalus.platyurus,4,M,NA
NM,NM10,26July21,NM10_26Jul21,Anostraca,Streptocephalidae,Streptocephalus,Streptocephalus.mackini,48,M,Adult
NM,NM10,26July21,NM10_26Jul21,Anostraca,Anostraca,Anostraca,Anostraca,3608,F,NA
NM,NM10,26July21,NM10_26Jul21,Anostraca,Streptocephalidae,Streptocephalus,Streptocephalus,2859,M,Immature
NM,NM5,26July21,NM5_26Jul21,Coleoptera,Dytiscidae,Thermonectus,Thermonectus,1,NA,Larva
NM,NM5,26July21,NM5_26Jul21,Hemiptera,Notonectidae,Buenoa,Buenoa,2,NA,Adult
NM,NM5,26July21,NM5_26Jul21,Ephemeroptera,Baetidae,Callibaetis,Callibaetis.californicus,3,NA,Nymph
NM,NM5,26July21,NM5_26Jul21,Hemiptera,Corixidae,Corixidae,Corixidae,7,NA,Nymph
NM,NM5,26July21,NM5_26Jul21,Notostraca,Triopsidae,Triops,Triops,3,F,NA
NM,NM5,26July21,NM5_26Jul21,Anostraca,Thamnocephalidae,Thamnocephalus,Thamnocephalus.platyurus,34,F,NA
NM,NM5,26July21,NM5_26Jul21,Anostraca,Thamnocephalidae,Thamnocephalus,Thamnocephalus.platyurus,34,F,NA
NM,NM5,26July21,NM5_26Jul21,Anostraca,Thamnocephalidae,Thamnocephalus,Thamnocephalus.platyurus,23,M,NA
NM,NM5,26July21,NM5_26Jul21,Anostraca,Streptocephalidae,Streptocephalus,Streptocephalus,651,M,Immature
NM,NM5,26July21,NM5_26Jul21,Anostraca,Anostraca,Anostraca,Anostraca,828,F,Immature
NM,NM5,26July21,NM5_26Jul21,Anostraca,Streptocephalidae,Streptocephalus,Streptocephalus.mackini,1,M,Adult
NM,NM5,26July21,NM5_26Jul21,Anostraca,Streptocephalidae,Streptocephalus,Streptocephalus.dorothae,1,M,Adult
KS,KS3,8Jun21,KS3_8Jun21,Coleoptera,Dytiscidae,Thermonectus,Thermonectus,7,NA,Larva
KS,KS3,8Jun21,KS3_8Jun21,Coleoptera,Hydrophilidae,Berosus,Berosus,1,NA,Larva
KS,KS3,8Jun21,KS3_8Jun21,Gastropoda,Planorbidae,Planorbinae,Planorbinae,1,NA,Adult
KS,KS3,8Jun21,KS3_8Jun21,Coleoptera,Hydrophilidae,Hydrophilus,Hydrophilus.triangularis,1,NA,Larva
KS,KS3,8Jun21,KS3_8Jun21,Coleoptera,Hydrophilidae,Tropisternus,Tropisternus,2,NA,Larva
KS,KS3,8Jun21,KS3_8Jun21,Diptera,Chironomidae,Chironominae,Chironominae,1,NA,Larva
KS,KS3,8Jun21,KS3_8Jun21,Hemiptera,Corixidae,Corixidae,Corixidae,4,NA,Nymph
KS,KS3,8Jun21,KS3_8Jun21,Trombidiformes,Trombidiformes,Trombidiformes,Trombidiformes,1,NA,Adult
KS,KS3,8Jun21,KS3_8Jun21,Notostraca,Triopsidae,Triops,Triops,1,F,NA
KS,KS3,8Jun21,KS3_8Jun21,Notostraca,Triopsidae,Triops,Triops,2,M,NA
KS,KS3,8Jun21,KS3_8Jun21,Anostraca,Thamnocephalidae,Thamnocephalus,Thamnocephalus.platyurus,1,M,NA
KS,KS3,8Jun21,KS3_8Jun21,Anostraca,Streptocephalidae,Streptocephalus,Streptocephalus.texanus,8,M,Adult
KS,KS3,8Jun21,KS3_8Jun21,Anostraca,Streptocephalidae,Streptocephalus,Streptocephalus.texanus,42,F,NA
KS,KS4,9Jun21,KS4_9Jun21,Coleoptera,Hydrophilidae,Tropisternus,Tropisternus,1,NA,Larva
KS,KS4,9Jun21,KS4_9Jun21,Coleoptera,Dytiscidae,Laccophilus,Laccophilus,1,NA,Larva
KS,KS4,9Jun21,KS4_9Jun21,Ephemeroptera,Baetidae,Callibaetis,Callibaetis.fluctans,2,NA,Nymph
KS,KS4,9Jun21,KS4_9Jun21,Spinicaudata,Limnadiidae,Eulimnadia,Eulimnadia,3,F,NA
KS,KS4,9Jun21,KS4_9Jun21,Spinicaudata,Cyzidae,Cyzicus,Cyzicus,1,F,NA
NM,NM6,26Jul21,NM6_26Jul21,Hemiptera,Notonectidae,Notonecta,Notonecta.unifasciata,1,NA,Adult
NM,NM6,26Jul21,NM6_26Jul21,Hemiptera,Notonectidae,Notonecta,Notonecta,1,NA,Nymph
NM,NM6,26Jul21,NM6_26Jul21,Hemiptera,Corixidae,Sigara,Sigara,1,NA,Adult
NM,NM6,26Jul21,NM6_26Jul21,Hemiptera,Corixidae,Corixidae,Corixidae,3,NA,Nymph
NM,NM6,26Jul21,NM6_26Jul21,Hemiptera,Corixidae,Corisella,Corisella,3,NA,Adult
NM,NM6,26Jul21,NM6_26Jul21,Ephemeroptera,Baetidae,Callibaetis,Callibaetis.californicus,6,NA,Nymph
NM,NM6,26Jul21,NM6_26Jul21,Diptera,Chironomidae,Chironominae,Chironominae,3,NA,Larva
NM,NM6,26Jul21,NM6_26Jul21,Diptera,Culicidae,Aedes,Aedes,1,NA,Larva
NM,NM6,26Jul21,NM6_26Jul21,Coleoptera,Dytiscidae,Thermonectus,Thermonectus,2,NA,Larva
NM,NM6,26Jul21,NM6_26Jul21,Coleoptera,Dytiscidae,Eretes,Eretes,7,NA,Larva
NM,NM6,26Jul21,NM6_26Jul21,Notostraca,Triopsidae,Triops,Triops,3,F,NA
NM,NM6,26Jul21,NM6_26Jul21,Notostraca,Triopsidae,Triops,Triops,3,F,NA
NM,NM6,26Jul21,NM6_26Jul21,Notostraca,Triopsidae,Triops,Triops,1,M,NA
NM,NM6,26Jul21,NM6_26Jul21,Anostraca,Thamnocephalidae,Thamnocephalus,Thamnocephalus.platyurus,10,F,NA
NM,NM6,26Jul21,NM6_26Jul21,Anostraca,Thamnocephalidae,Thamnocephalus,Thamnocephalus.platyurus,10,F,NA
NM,NM6,26Jul21,NM6_26Jul21,Anostraca,Thamnocephalidae,Thamnocephalus,Thamnocephalus.platyurus,13,M,NA
NM,NM6,26Jul21,NM6_26Jul21,Anostraca,Thamnocephalidae,Thamnocephalus,Thamnocephalus.platyurus,13,M,NA
KS,KS5,9Jun21,KS5_9Jun21,Diptera,Chironomidae,Orthocladiinae,Orthocladiinae,1,NA,Larva
KS,KS5,9Jun21,KS5_9Jun21,Coleoptera,Hydrophilidae,Berosus,Berosus,1,NA,Larva
KS,KS5,9Jun21,KS5_9Jun21,Oligochaeta,Oligochaeta,Oligochaeta,Oligochaeta,15,NA,NA
KS,KS5,9Jun21,KS5_9Jun21,Diptera,Culicidae,Aedes,Aedes,3,NA,Larva
KS,KS5,9Jun21,KS5_9Jun21,Notostraca,Triopsidae,Triops,Triops,9,F,NA
KS,KS5,9Jun21,KS5_9Jun21,Notostraca,Triopsidae,Triops,Triops,9,M,NA
KS,KS5,9Jun21,KS5_9Jun21,Notostraca,Triopsidae,Triops,Triops,9,M,NA
KS,KS5,9Jun21,KS5_9Jun21,Anostraca,Thamnocephalidae,Thamnocephalus,Thamnocephalus.platyurus,28,M,NA
KS,KS5,9Jun21,KS5_9Jun21,Anostraca,Thamnocephalidae,Thamnocephalus,Thamnocephalus.platyurus,24,F,NA
KS,KS5,9Jun21,KS5_9Jun21,Spinicaudata,Cyzidae,Cyzicus,Cyzicus,1,F,NA
KS,KS5,9Jun21,KS5_9Jun21,Anostraca,Branchinectidae,Branchinecta,Branchinecta.packardi,2,M,NA
KS,KS5,9Jun21,KS5_9Jun21,Anostraca,Anostraca,Branchinecta,Branchinecta.packardi,4,F,NA
ND,ND4,16Jun21,ND4_16Jun21,Coleoptera,Dytiscidae,Rhantus,Rhantus.sericans,2,NA,Adult
ND,ND4,16Jun21,ND4_16Jun21,Coleoptera,Dytiscidae,Coptotomus,Coptotomus.longulus,2,NA,Adult
ND,ND4,16Jun21,ND4_16Jun21,Coleoptera,Dytiscidae,Coptotomus,Coptotomus.longulus,3,NA,Larva
ND,ND4,16Jun21,ND4_16Jun21,Coleoptera,Dytiscidae,Ilybius,Ilybius,1,NA,Adult
ND,ND4,16Jun21,ND4_16Jun21,Coleoptera,Dytiscidae,Ilybius,Ilybius,4,NA,Larva
ND,ND4,16Jun21,ND4_16Jun21,Coleoptera,Dytiscidae,Liodessus,Liodessus,8,NA,Larva
ND,ND4,16Jun21,ND4_16Jun21,Coleoptera,Dytiscidae,Hygrotus,Hygrotus.sp2,8,NA,Adult
ND,ND4,16Jun21,ND4_16Jun21,Coleoptera,Hydrophilidae,Berosus,Berosus.fraternus,1,NA,Adult
ND,ND4,16Jun21,ND4_16Jun21,Coleoptera,Haliplidae,Peltodytes,Peltodytes.edentulus,2,NA,Adult
ND,ND4,16Jun21,ND4_16Jun21,Coleoptera,Haliplidae,Haliplus,Haliplus.stagninus,1,NA,Adult
ND,ND4,16Jun21,ND4_16Jun21,Hemiptera,Notonectidae,Notonecta,Notonecta,9,NA,Nymph
ND,ND4,16Jun21,ND4_16Jun21,Hemiptera,Notonectidae,Notonecta,Notonecta.sp1,1,NA,Adult
ND,ND4,16Jun21,ND4_16Jun21,Hemiptera,Corixidae,Trichocorixa,Trichocorixa,2,NA,Adult
ND,ND4,16Jun21,ND4_16Jun21,Hemiptera,Corixidae,Hesperocorixa,Hesperocorixa,1,NA,Adult
ND,ND4,16Jun21,ND4_16Jun21,Hemiptera,Corixidae,Sigara,Sigara,27,NA,Adult
ND,ND4,16Jun21,ND4_16Jun21,Hemiptera,Corixidae,Corixidae,Corixidae,318,NA,Nymph
ND,ND4,16Jun21,ND4_16Jun21,Gastropoda,Lymnaeidae,Lymnaea,Lymnaea,94,NA,Adult
ND,ND4,16Jun21,ND4_16Jun21,Odonata,Libellulidae,Sympetrum,Sympetrum.semicinctum,6,NA,Nymph
ND,ND4,16Jun21,ND4_16Jun21,Odonata,Lestidae,Lestes,Lestes,7,NA,Nymph
ND,ND4,16Jun21,ND4_16Jun21,Ephemeroptera,Baetidae,Callibaetis,Callibaetis.floridanus,29,NA,Nymph
ND,ND4,16Jun21,ND4_16Jun21,Coleoptera,Dytiscidae,Laccophilus,Laccophilus,1,NA,Larva
ND,ND4,16Jun21,ND4_16Jun21,Diptera,Stratiomyidae,Stratiomys,Stratiomys,2,NA,Larva
ND,ND4,16Jun21,ND4_16Jun21,Diptera,Chironomidae,Chironominae,Chironominae,179,NA,Larva
ND,ND4,16Jun21,ND4_16Jun21,Diptera,Chironomidae,Tanypodinae,Tanypodinae,108,NA,Larva
ND,ND4,16Jun21,ND4_16Jun21,Diptera,Chironomidae,Chironomidae,Chironomidae,34,NA,Pupa
ND,ND4,16Jun21,ND4_16Jun21,Oligochaeta,Oligochaeta,Oligochaeta,Oligochaeta,21,NA,NA
ND,ND4,16Jun21,ND4_16Jun21,Diptera,Chaoboridae,Chaoborus,Chaoborus,3,NA,Pupa
ND,ND4,16Jun21,ND4_16Jun21,Diptera,Ceratopogonidae,Ceratopogonidae,Ceratopogonidae,1,NA,Pupa
ND,ND4,16Jun21,ND4_16Jun21,Trombidiformes,Trombidiformes,Trombidiformes,Trombidiformes,11,NA,Adult
ND,ND4,16Jun21,ND4_16Jun21,Anostraca,Streptocephalidae,Streptocephalus,Streptocephalus,10,F,NA
ND,ND4,16Jun21,ND4_16Jun21,Anostraca,Streptocephalidae,Streptocephalus,Streptocephalus.texanus,4,M,Adult
ND,ND4,16Jun21,ND4_16Jun21,Anostraca,Streptocephalidae,Streptocephalus,Streptocephalus,634,F,NA
ND,ND4,16Jun21,ND4_16Jun21,Anostraca,Streptocephalidae,Streptocephalus,Streptocephalus.texanus,395,M,Adult
TX,HQ,27May21,TXHQ_27May21,Spinicaudata,Limnadiidae,Eulimnadia,Eulimnadia,382,F,NA
TX,HQ,27May21,TXHQ_27May21,Spinicaudata,Limnadiidae,Eulimnadia,Eulimnadia,204,F,NA
TX,HQ,27May21,TXHQ_27May21,Spinicaudata,Limnadiidae,Eulimnadia,Eulimnadia,18,M,NA
TX,HQ,27May21,TXHQ_27May21,Anostraca,Streptocephalidae,Streptocephalus,Streptocephalus.texanus,7,F,Adult
TX,HQ,27May21,TXHQ_27May21,Anostraca,Streptocephalidae,Streptocephalus,Streptocephalus.texanus,1,M,Adult
TX,HQ,27May21,TXHQ_27May21,Ephemeroptera,Baetidae,Callibaetis,Callibaetis.pictus,5,NA,Nymph
TX,HQ,27May21,TXHQ_27May21,Diptera,Chironomidae,Chironominae,Chironominae,2,NA,Larva
TX,HQ,27May21,TXHQ_27May21,Hemiptera,Corixidae,Trichocorixa,Trichocorixa,2,NA,Adult
TX,HQ,27May21,TXHQ_27May21,Notostraca,Triopsidae,Triops,Triops,20,F,NA
TX,HQ,27May21,TXHQ_27May21,Notostraca,Triopsidae,Triops,Triops,24,M,NA
TX,HQ,27May21,TXHQ_27May21,Coleoptera,Dytiscidae,Thermonectus,Thermonectus,10,NA,Larva
TX,HQ,27May21,TXHQ_27May21,Coleoptera,Hydrophilidae,Tropisternus,Tropisternus,2,NA,Larva
ND,ND3,15Jun21,ND3_15Jun21,Gastropoda,Physidae,Aplexa,Aplexa.elongata,1,NA,Adult
ND,ND3,15Jun21,ND3_15Jun21,Gastropoda,Lymnaeidae,Lymnaea,Lymnaea,67,NA,Adult
ND,ND3,15Jun21,ND3_15Jun21,Coleoptera,Dytiscidae,Coptotomus,Coptotomus.longulus,4,NA,Larva
ND,ND3,15Jun21,ND3_15Jun21,Coleoptera,Dytiscidae,Graphoderus,Graphoderus,8,NA,Larva
ND,ND3,15Jun21,ND3_15Jun21,Coleoptera,Dytiscidae,Laccophilus,Laccophilus,4,NA,Larva
ND,ND3,15Jun21,ND3_15Jun21,Coleoptera,Dytiscidae,Hygrotus,Hygrotus.sp2,4,NA,Adult
ND,ND3,15Jun21,ND3_15Jun21,Coleoptera,Dytiscidae,Hygrotus,Hygrotus.sp1,6,NA,Adult
ND,ND3,15Jun21,ND3_15Jun21,Coleoptera,Haliplidae,Peltodytes,Peltodytes.edentulus,2,NA,Adult
ND,ND3,15Jun21,ND3_15Jun21,Coleoptera,Haliplidae,Haliplus,Haliplus.stagninus,8,NA,Adult
ND,ND3,15Jun21,ND3_15Jun21,Coleoptera,Haliplidae,Haliplus,Haliplus.stagninus,1,NA,Larva
ND,ND3,15Jun21,ND3_15Jun21,Coleoptera,Hydrophilidae,Hydrophilus,Hydrophilus.triangularis,1,NA,Larva
ND,ND3,15Jun21,ND3_15Jun21,Coleoptera,Gyrinidae,Gyrinus,Gyrinus,1,NA,Adult
ND,ND3,15Jun21,ND3_15Jun21,Coleoptera,Dytiscidae,Liodessus,Liodessus.obscurellus,8,NA,Adult
ND,ND3,15Jun21,ND3_15Jun21,Coleoptera,Dytiscidae,Liodessus,Liodessus.obscurellus,8,NA,Larva
ND,ND3,15Jun21,ND3_15Jun21,Hemiptera,Notonectidae,Notonecta,Notonecta,11,NA,Nymph
ND,ND3,15Jun21,ND3_15Jun21,Hemiptera,Corixidae,Trichocorixa,Trichocorixa,5,NA,Adult
ND,ND3,15Jun21,ND3_15Jun21,Hemiptera,Corixidae,Sigara,Sigara,13,NA,Adult
ND,ND3,15Jun21,ND3_15Jun21,Hemiptera,Corixidae,Corixidae,Corixidae,306,NA,Nymph
ND,ND3,15Jun21,ND3_15Jun21,Hirudinea,Hirudinea,Hirudinea,Hirudinea,2,NA,NA
ND,ND3,15Jun21,ND3_15Jun21,Bivalvia,Pisidiidae,Pisidiidae,Pisidiidae,1,NA,NA
ND,ND3,15Jun21,ND3_15Jun21,Coleoptera,Hydrophilidae,Enochrus,Enochrus,3,NA,Larva
ND,ND3,15Jun21,ND3_15Jun21,Odonata,Lestidae,Lestes,Lestes,3,NA,Nymph
ND,ND3,15Jun21,ND3_15Jun21,Diptera,Stratiomyidae,Stratiomys,Stratiomys,4,NA,Larva
ND,ND3,15Jun21,ND3_15Jun21,Ephemeroptera,Baetidae,Callibaetis,Callibaetis.floridanus,7,NA,Nymph
ND,ND3,15Jun21,ND3_15Jun21,Diptera,Chaoboridae,Chaoborus,Chaoborus,116,NA,Larva
ND,ND3,15Jun21,ND3_15Jun21,Oligochaeta,Oligochaeta,Oligochaeta,Oligochaeta,25,NA,NA
ND,ND3,15Jun21,ND3_15Jun21,Diptera,Ceratopogonidae,Bezzia.Probezzia,Bezzia.Probezzia,17,NA,Larva
ND,ND3,15Jun21,ND3_15Jun21,Diptera,Ceratopogonidae,Ceratopogonidae,Ceratopogonidae,5,NA,Pupa
ND,ND3,15Jun21,ND3_15Jun21,Odonata,Aeshnidae,Aeshnidae,Aeshnidae,1,NA,Nymph
ND,ND3,15Jun21,ND3_15Jun21,Diptera,Chironomidae,Chironominae,Chironominae,76,NA,Larva
ND,ND3,15Jun21,ND3_15Jun21,Diptera,Chironomidae,Chironomidae,Chironomidae,12,NA,Pupa
ND,ND3,15Jun21,ND3_15Jun21,Diptera,Chironomidae,Orthocladiinae,Orthocladiinae,12,NA,Larva
ND,ND3,15Jun21,ND3_15Jun21,Collembola,Collembola,Collembola,Collembola,1,NA,NA
ND,ND3,15Jun21,ND3_15Jun21,Diptera,Chironomidae,Tanypodinae,Tanypodinae,26,NA,Larva
ND,ND3,15Jun21,ND3_15Jun21,Coleoptera,Hydrophilidae,Tropisternus,Tropisternus,1,NA,Larva
ND,ND3,15Jun21,ND3_15Jun21,Trombidiformes,Trombidiformes,Trombidiformes,Trombidiformes,52,NA,Adult
ND,ND3,15Jun21,ND3_15Jun21,Gastropoda,Planorbidae,Planorbinae,Planorbinae,35,NA,Adult
ND,ND3,15Jun21,ND3_15Jun21,Anostraca,Streptocephalidae,Streptocephalus,Streptocephalus.coloradensis,9,M,Adult
ND,ND3,15Jun21,ND3_15Jun21,Anostraca,Streptocephalidae,Streptocephalus,Streptocephalus.texanus,100,M,Adult
ND,ND3,15Jun21,ND3_15Jun21,Anostraca,Streptocephalidae,Streptocephalus,Streptocephalus,246,F,NA
ND,ND3,15Jun21,ND3_15Jun21,Anostraca,Streptocephalidae,Streptocephalus,Streptocephalus,2,F,NA
ND,ND1,11Jun21,ND1_11Jun21,Diptera,Syrphidae,Syrphidae,Syrphidae,3,NA,Larva
ND,ND1,11Jun21,ND1_11Jun21,Coleoptera,Dytiscidae,Liodessus,Liodessus.obscurellus,2,NA,Adult
ND,ND1,11Jun21,ND1_11Jun21,Coleoptera,Dytiscidae,Liodessus,Liodessus.obscurellus,6,NA,Larva
ND,ND1,11Jun21,ND1_11Jun21,Diptera,Ceratopogonidae,Bezzia.Probezzia,Bezzia.Probezzia,1,NA,Larva
ND,ND1,11Jun21,ND1_11Jun21,Coleoptera,Dytiscidae,Graphoderus,Graphoderus.occidentalis,2,NA,Adult
ND,ND1,11Jun21,ND1_11Jun21,Coleoptera,Dytiscidae,Graphoderus,Graphoderus,1,NA,Larva
ND,ND1,11Jun21,ND1_11Jun21,Coleoptera,Hydrophilidae,Hydrochara,Hydrochara,1,NA,Larva
ND,ND1,11Jun21,ND1_11Jun21,Hemiptera,Corixidae,Sigara,Sigara,3,NA,Adult
ND,ND1,11Jun21,ND1_11Jun21,Hemiptera,Corixidae,Corixidae,Corixidae,3,NA,Nymph
ND,ND1,11Jun21,ND1_11Jun21,Coleoptera,Dytiscidae,Laccophilus,Laccophilus.maculosus,1,NA,Adult
ND,ND1,11Jun21,ND1_11Jun21,Coleoptera,Dytiscidae,Coptotomus,Coptotomus.longulus,3,NA,Larva
ND,ND1,11Jun21,ND1_11Jun21,Coleoptera,Dytiscidae,Ilybius,Ilybius,2,NA,Larva
ND,ND1,11Jun21,ND1_11Jun21,Diptera,Culicidae,Aedes,Aedes,1,NA,Larva
ND,ND1,11Jun21,ND1_11Jun21,Ephemeroptera,Baetidae,Callibaetis,Callibaetis.floridanus,1,NA,Nymph
ND,ND1,11Jun21,ND1_11Jun21,Diptera,Psychodidae,Pericomaini,Pericomaini,2,NA,Larva
ND,ND1,11Jun21,ND1_11Jun21,Diptera,Psychodidae,Pericomaini,Pericomaini,2,NA,Pupa
ND,ND1,11Jun21,ND1_11Jun21,Diptera,Chironomidae,Orthocladiinae,Orthocladiinae,1,NA,Larva
ND,ND1,11Jun21,ND1_11Jun21,Diptera,Chironomidae,Tanypodinae,Tanypodinae,2,NA,Larva
ND,ND1,11Jun21,ND1_11Jun21,Diptera,Chironomidae,Chironominae,Chironominae,20,NA,Larva
ND,ND1,11Jun21,ND1_11Jun21,Gastropoda,Lymnaeidae,Lymnaea,Lymnaea,63,NA,Adult
ND,ND1,11Jun21,ND1_11Jun21,Coleoptera,Hydrophilidae,Berosus,Berosus,1,NA,Larva
ND,ND1,11Jun21,ND1_11Jun21,Gastropoda,Physidae,Aplexa,Aplexa.elongata,16,NA,Adult
ND,ND1,11Jun21,ND1_11Jun21,Gastropoda,Planorbidae,Planorbinae,Planorbinae,1,NA,Adult
ND,ND1,11Jun21,ND1_11Jun21,Anostraca,Streptocephalidae,Streptocephalus,Streptocephalus,21,F,NA
ND,ND1,11Jun21,ND1_11Jun21,Anostraca,Streptocephalidae,Streptocephalus,Streptocephalus.texanus,30,M,Adult
ND,ND1,11Jun21,ND1_11Jun21,Anostraca,Streptocephalidae,Streptocephalus,Streptocephalus.texanus,33,M,Adult
ND,ND1,11Jun21,ND1_11Jun21,Anostraca,Streptocephalidae,Streptocephalus,Streptocephalus.coloradensis,1,M,Adult
ND,ND1,11Jun21,ND1_11Jun21,Anostraca,Streptocephalidae,Streptocephalus,Streptocephalus,4,F,NA
ND,ND1,11Jun21,ND1_11Jun21,Anostraca,Streptocephalidae,Streptocephalus,Streptocephalus.texanus,2,M,Adult
ND,ND5,16Jun21,ND5_16Jun21,Anostraca,Streptocephalidae,Streptocephalus,Streptocephalus.coloradensis,23,M,Adult
ND,ND5,16Jun21,ND5_16Jun21,Anostraca,Streptocephalidae,Streptocephalus,Streptocephalus.coloradensis,22,M,Adult
ND,ND5,16Jun21,ND5_16Jun21,Anostraca,Streptocephalidae,Streptocephalus,Streptocephalus.texanus,13,M,Adult
ND,ND5,16Jun21,ND5_16Jun21,Anostraca,Streptocephalidae,Streptocephalus,Streptocephalus,27,F,NA
ND,ND5,16Jun21,ND5_16Jun21,Anostraca,Streptocephalidae,Streptocephalus,Streptocephalus,27,F,NA
ND,ND5,16Jun21,ND5_16Jun21,Anostraca,Streptocephalidae,Streptocephalus,Streptocephalus,27,F,NA
ND,ND5,16Jun21,ND5_16Jun21,Anostraca,Streptocephalidae,Streptocephalus,Streptocephalus,27,F,NA
ND,ND5,16Jun21,ND5_16Jun21,Anostraca,Streptocephalidae,Streptocephalus,Streptocephalus,3,F,NA
ND,ND5,16Jun21,ND5_16Jun21,Anostraca,Streptocephalidae,Streptocephalus,Streptocephalus.coloradensis,3,M,Adult
ND,ND5,16Jun21,ND5_16Jun21,Coleoptera,Dytiscidae,Coptotomus,Coptotomus.longulus,5,NA,Larva
ND,ND5,16Jun21,ND5_16Jun21,Coleoptera,Dytiscidae,Coptotomus,Coptotomus.longulus,10,NA,Adult
ND,ND5,16Jun21,ND5_16Jun21,Coleoptera,Hydrophilidae,Tropisternus,Tropisternus,9,NA,Larva
ND,ND5,16Jun21,ND5_16Jun21,Coleoptera,Hydrophilidae,Tropisternus,Tropisternus.lateralis,2,NA,Adult
ND,ND5,16Jun21,ND5_16Jun21,Coleoptera,Hydrophilidae,Berosus,Berosus,9,NA,Larva
ND,ND5,16Jun21,ND5_16Jun21,Coleoptera,Hydrophilidae,Berosus,Berosus.fraternus,19,NA,Adult
ND,ND5,16Jun21,ND5_16Jun21,Coleoptera,Hydrophilidae,Enochrus,Enochrus.hamiltoni,8,NA,Adult
ND,ND5,16Jun21,ND5_16Jun21,Coleoptera,Dytiscidae,Laccophilus,Laccophilus,1,NA,Larva
ND,ND5,16Jun21,ND5_16Jun21,Coleoptera,Haliplidae,Haliplus,Haliplus.stagninus,1,NA,Adult
ND,ND5,16Jun21,ND5_16Jun21,Coleoptera,Dytiscidae,Liodessus,Liodessus,13,NA,Larva
ND,ND5,16Jun21,ND5_16Jun21,Coleoptera,Dytiscidae,Hygrotus,Hygrotus.sp2,22,NA,Adult
ND,ND5,16Jun21,ND5_16Jun21,Anostraca,Streptocephalidae,Streptocephalus,Streptocephalus.coloradensis,1,M,Adult
ND,ND5,16Jun21,ND5_16Jun21,Gastropoda,Lymnaeidae,Lymnaea,Lymnaea,219,NA,Adult
ND,ND5,16Jun21,ND5_16Jun21,Gastropoda,Lymnaeidae,Lymnaea,Lymnaea,132,NA,Adult
ND,ND5,16Jun21,ND5_16Jun21,Gastropoda,Physidae,Aplexa,Aplexa.elongata,1,NA,Adult
ND,ND5,16Jun21,ND5_16Jun21,Gastropoda,Planorbidae,Planorbinae,Planorbinae,3,NA,Adult
ND,ND5,16Jun21,ND5_16Jun21,Odonata,Lestidae,Lestes,Lestes,10,NA,Nymph
ND,ND5,16Jun21,ND5_16Jun21,Diptera,Chaoboridae,Chaoborus,Chaoborus,31,NA,Larva
ND,ND5,16Jun21,ND5_16Jun21,Diptera,Chaoboridae,Chaoborus,Chaoborus,1,NA,Pupa
ND,ND5,16Jun21,ND5_16Jun21,Ephemeroptera,Baetidae,Callibaetis,Callibaetis.floridanus,26,NA,Nymph
ND,ND5,16Jun21,ND5_16Jun21,Odonata,Libellulidae,Sympetrum,Sympetrum.internum,3,NA,Nymph
ND,ND5,16Jun21,ND5_16Jun21,Hemiptera,Corixidae,Trichocorixa,Trichocorixa,1,NA,Adult
ND,ND5,16Jun21,ND5_16Jun21,Hemiptera,Corixidae,Sigara,Sigara,40,NA,Adult
ND,ND5,16Jun21,ND5_16Jun21,Hemiptera,Corixidae,Corixidae,Corixidae,188,NA,Nymph
ND,ND5,16Jun21,ND5_16Jun21,Diptera,Chironomidae,Chironominae,Chironominae,252,NA,Larva
ND,ND5,16Jun21,ND5_16Jun21,Diptera,Chironomidae,Orthocladiinae,Orthocladiinae,10,NA,Larva
ND,ND5,16Jun21,ND5_16Jun21,Diptera,Chironomidae,Tanypodinae,Tanypodinae,69,NA,Larva
ND,ND5,16Jun21,ND5_16Jun21,Hemiptera,Notonectidae,Notonecta,Notonecta,9,NA,Nymph
ND,ND5,16Jun21,ND5_16Jun21,Trombidiformes,Trombidiformes,Trombidiformes,Trombidiformes,83,NA,Adult
ND,ND5,16Jun21,ND5_16Jun21,Coleoptera,Dytiscidae,Ilybius,Ilybius,2,NA,Larva
ND,ND5,16Jun21,ND5_16Jun21,Oligochaeta,Oligochaeta,Oligochaeta,Oligochaeta,46,NA,NA
ND,ND5,16Jun21,ND5_16Jun21,Diptera,Chironomidae,Chironomidae,Chironomidae,4,NA,Pupa
ND,ND5,16Jun21,ND5_16Jun21,Diptera,Chironomidae,Orthocladiinae,Orthocladiinae,8,NA,Pupa
ND,ND5,16Jun21,ND5_16Jun21,Diptera,Ceratopogonidae,Bezzia.Probezzia,Bezzia.Probezzia,2,NA,Larva
ND,ND5,16Jun21,ND5_16Jun21,Coleoptera,Hydrophilidae,Enochrus,Enochrus,2,NA,Larva
ND,ND5,16Jun21,ND5_16Jun21,Diptera,Stratiomyidae,Stratiomys,Stratiomys,9,NA,Larva
ND,ND2,15Jun21,ND2_15Jun21,Anostraca,Streptocephalidae,Streptocephalus,Streptocephalus.coloradensis,12,M,Adult
ND,ND2,15Jun21,ND2_15Jun21,Anostraca,Streptocephalidae,Streptocephalus,Streptocephalus,11,F,NA
ND,ND2,15Jun21,ND2_15Jun21,Anostraca,Streptocephalidae,Streptocephalus,Streptocephalus.texanus,4,M,Adult
ND,ND2,15Jun21,ND2_15Jun21,Anostraca,Streptocephalidae,Streptocephalus,Streptocephalus,1,F,NA
ND,ND2,15Jun21,ND2_15Jun21,Ephemeroptera,Baetidae,Callibaetis,Callibaetis.floridanus,17,NA,Nymph
ND,ND2,15Jun21,ND2_15Jun21,Odonata,Lestidae,Lestes,Lestes,2,NA,Nymph
ND,ND2,15Jun21,ND2_15Jun21,Hemiptera,Notonectidae,Notonecta,Notonecta,28,NA,Nymph
ND,ND2,15Jun21,ND2_15Jun21,Hemiptera,Notonectidae,Notonecta,Notonecta.sp2,1,NA,Adult
ND,ND2,15Jun21,ND2_15Jun21,Hemiptera,Gerridae,Trepobates,Treopobates,1,NA,Nymph
ND,ND2,15Jun21,ND2_15Jun21,Coleoptera,Dytiscidae,Coptotomus,Coptotomus.longulus,11,NA,Larva
ND,ND2,15Jun21,ND2_15Jun21,Coleoptera,Dytiscidae,Graphoderus,Graphoderus,17,NA,Larva
ND,ND2,15Jun21,ND2_15Jun21,Coleoptera,Dytiscidae,Liodessus,Liodessus.obscurellus,3,NA,Adult
ND,ND2,15Jun21,ND2_15Jun21,Coleoptera,Dytiscidae,Hygrotus,Hygrotus.sp1,3,NA,Adult
ND,ND2,15Jun21,ND2_15Jun21,Coleoptera,Dytiscidae,Hydroporinae,Liodessus,3,NA,Larva
ND,ND2,15Jun21,ND2_15Jun21,Coleoptera,Dytiscidae,Laccophilus,Laccophilus,11,NA,Larva
ND,ND2,15Jun21,ND2_15Jun21,Coleoptera,Dytiscidae,Rhantus,Rhantus,1,NA,Larva
ND,ND2,15Jun21,ND2_15Jun21,Coleoptera,Dytiscidae,Ilybius,Ilybius,4,NA,Larva
ND,ND2,15Jun21,ND2_15Jun21,Coleoptera,Dytiscidae,Dytiscus,Dytiscus,2,NA,Larva
ND,ND2,15Jun21,ND2_15Jun21,Coleoptera,Haliplidae,Haliplus,Haliplus.stagninus,6,NA,Adult
ND,ND2,15Jun21,ND2_15Jun21,Coleoptera,Hydrophilidae,Berosus,Berosus,1,NA,Larva
ND,ND2,15Jun21,ND2_15Jun21,Coleoptera,Hydrophilidae,Berosus,Berosus.fraternus,1,NA,Adult
ND,ND2,15Jun21,ND2_15Jun21,Coleoptera,Hydrophilidae,Tropisternus,Tropisternus,6,NA,Larva
ND,ND2,15Jun21,ND2_15Jun21,Coleoptera,Gyrinidae,Gyrinus,Gyrinus,1,NA,Larva
ND,ND2,15Jun21,ND2_15Jun21,Diptera,Chaoboridae,Chaoborus,Chaoborus,145,NA,Larva
ND,ND2,15Jun21,ND2_15Jun21,Diptera,Chaoboridae,Chaoborus,Chaoborus,19,NA,Pupa
ND,ND2,15Jun21,ND2_15Jun21,Diptera,Culicidae,Culicidae,Culicidae,1,NA,Pupa
ND,ND2,15Jun21,ND2_15Jun21,Odonata,Aeshnidae,Aeshnidae,Aeshnidae,10,NA,Nymph
ND,ND2,15Jun21,ND2_15Jun21,Gastropoda,Lymnaeidae,Lymnaea,Lymnaea,50,NA,Adult
ND,ND2,15Jun21,ND2_15Jun21,Gastropoda,Physidae,Aplexa,Aplexa.elongata,7,NA,Adult
ND,ND2,15Jun21,ND2_15Jun21,Gastropoda,Physidae,Physa,Physa,16,NA,Adult
ND,ND2,15Jun21,ND2_15Jun21,Hemiptera,Corixidae,Corixidae,Corixidae,400,NA,Nymph
ND,ND2,15Jun21,ND2_15Jun21,Hemiptera,Corixidae,Corixidae,Corixidae,400,NA,Nymph
ND,ND2,15Jun21,ND2_15Jun21,Hemiptera,Corixidae,Corixidae,Corixidae,246,NA,Nymph
ND,ND2,15Jun21,ND2_15Jun21,Trombidiformes,Trombidiformes,Trombidiformes,Trombidiformes,10,NA,Adult
ND,ND2,15Jun21,ND2_15Jun21,Diptera,Ceratopogonidae,Ceratopogondiae,Ceratopogonidae,31,NA,Pupa
ND,ND2,15Jun21,ND2_15Jun21,Oligochaeta,Oligochaeta,Oligochaeta,Oligochaeta,3,NA,NA
ND,ND2,15Jun21,ND2_15Jun21,Hemiptera,Corixidae,Trichocorixa,Trichocorixa,1,NA,Adult
ND,ND2,15Jun21,ND2_15Jun21,Gastropoda,Planorbidae,Planorbinae,Planorbinae,1,NA,Adult
ND,ND2,15Jun21,ND2_15Jun21,Diptera,Chironomidae,Chironomidae,Chironomidae,2,NA,Pupa
ND,ND2,15Jun21,ND2_15Jun21,Diptera,Chironomidae,Orthocladiinae,Orthocladiinae,3,NA,Larva
ND,ND2,15Jun21,ND2_15Jun21,Diptera,Chironomidae,Chironominae,Chironominae,22,NA,Larva
ND,ND2,15Jun21,ND2_15Jun21,Diptera,Chironomidae,Tanypodinae,Tanypodinae,10,NA,Larva
ND,ND10,11May22,ND10_11May22,Anostraca,Chirocephalidae,Eubranchipus,Eubranchipus.bundyi,3,M,Adult
ND,ND10,11May22,ND10_11May22,Anostraca,Chirocephalidae,Eubranchipus,Eubranchipus.bundyi,2,F,Adult
ND,ND10,11May22,ND10_11May22,Anostraca,Chirocephalidae,Eubranchipus,Eubranchipus.ornatus,2,M,Adult
ND,ND10,11May22,ND10_11May22,Anostraca,Chirocephalidae,Eubranchipus,Eubranchipus.ornatus,4,F,Adult
ND,ND10,11May22,ND10_11May22,Laevicaudata,Lynceidae,Lynceus,Lynceus,331,NA,NA
ND,ND10,11May22,ND10_11May22,Diptera,Chironomidae,Chironominae,Chironominae,4,NA,Larva
ND,ND10,11May22,ND10_11May22,Diptera,Chironomidae,Orthocladiinae,Orthocladiinae,14,NA,Larva
ND,ND10,11May22,ND10_11May22,Gastropoda,Lymnaeidae,Lymnaea,Lymnaea,3,NA,NA
ND,ND10,11May22,ND10_11May22,Coleoptera,Hydrophilidae,Berosus,Berosus.fraternus,1,NA,Adult
ND,ND10,11May22,ND10_11May22,Oligochaeta,Oligochaeta,Oligochaeta,Oligochaeta,1,NA,NA
ND,ND10,11May22,ND10_11May22,Coleoptera,Dytiscidae,Rhantus,Rhantus,8,NA,Larva
ND,ND10,11May22,ND10_11May22,Coleoptera,Dytiscidae,Ilybius,Ilybius,7,NA,Larva
ND,ND11,15May22,ND11_15May22,Anostraca,Chirocephalidae,Eubranchipus,Eubranchipus.intricatus,78,M,Adult
ND,ND11,15May22,ND11_15May22,Anostraca,Chirocephalidae,Eubranchipus,Eubranchipus.intricatus,13,F,Adult
ND,ND11,15May22,ND11_15May22,Anostraca,Chirocephalidae,Eubranchipus,Eubranchipus.bundyi,85,M,Adult
ND,ND11,15May22,ND11_15May22,Anostraca,Chirocephalidae,Eubranchipus,Eubranchipus.bundyi,91,F,Adult
ND,ND11,15May22,ND11_15May22,Anostraca,Chirocephalidae,Eubranchipus,Eubranchipus.ornatus,28,M,Adult
ND,ND11,15May22,ND11_15May22,Anostraca,Chirocephalidae,Eubranchipus,Eubranchipus.ornatus,52,F,Adult
ND,ND11,15May22,ND11_15May22,Anostraca,Streptocephalidae,Streptocephalus,Streptocephalus,106,NA,NA
ND,ND11,15May22,ND11_15May22,Diptera,Culicidae,Aedes,Aedes,11,NA,Larva
ND,ND11,15May22,ND11_15May22,Laevicaudata,Lynceidae,Lynceus,Lynceus,365,NA,NA
ND,ND11,15May22,ND11_15May22,Gastropoda,Physidae,Physa,Physa,2,NA,NA
ND,ND11,15May22,ND11_15May22,Gastropoda,Lymnaeidae,Lymnaea,Lymnaea,4,NA,NA
ND,ND11,15May22,ND11_15May22,Diptera,Chironomidae,Chironominae,Chironominae,1,NA,Larva
ND,ND11,15May22,ND11_15May22,Diptera,Ceratopogonidae,Dasyhelea,Dasyhelea,3,NA,Larva
ND,ND11,15May22,ND11_15May22,Diptera,Ceratopogonidae,Forcipomyia,Forcipomyia,1,NA,Larva
ND,ND11,15May22,ND11_15May22,Diptera,Stratiomyidae,Odontomyia,Odontomyia,1,NA,Larva
ND,ND11,15May22,ND11_15May22,Trombidiformes,Trombidiformes,Trombidiformes,Trombidiformes,6,NA,NA
ND,ND11,15May22,ND11_15May22,Coleoptera,Dytiscidae,Ilybius,Ilybius,3,NA,Larva
ND,ND11,15May22,ND11_15May22,Coleoptera,Dytiscidae,Hygrotus,Hygrotus.sp3,1,NA,Adult
ND,ND11,15May22,ND11_15May22,Diptera,Diptera,Diptera,Diptera,1,NA,Larva
ND,ND11,15May22,ND11_15May22,Oligochaeta,Oligochaeta,Oligochaeta,Oligochaeta,2,NA,NA
ND,ND11,15May22,ND11_15May22,Gastropoda,Planorbidae,Planorbinae,Planorbinae,1,NA,NA
ND,ND7,6May22,ND7_06May22,Anostraca,Chirocephalidae,Eubranchipus,Eubranchipus.bundyi,67,F,Adult
ND,ND7,6May22,ND7_06May22,Anostraca,Chirocephalidae,Eubranchipus,Eubranchipus.ornatus,21,F,Adult
ND,ND7,6May22,ND7_06May22,Anostraca,Chirocephalidae,Eubranchipus,Eubranchipus.bundyi,59,M,Adult
ND,ND7,6May22,ND7_06May22,Anostraca,Chirocephalidae,Eubranchipus,Eubranchipus.ornatus,5,M,Adult
ND,ND7,6May22,ND7_06May22,Hemiptera,Corixidae,Hesperocorixa,Hesperocorixa,2,NA,Adult
ND,ND7,6May22,ND7_06May22,Hemiptera,Corixidae,Sigara,Sigara,2,NA,Adult
ND,ND7,6May22,ND7_06May22,Diptera,Chironomidae,Chironominae,Chironominae,11,NA,Larva
ND,ND7,6May22,ND7_06May22,Coleoptera,Dytiscidae,Ilybius,Ilybius,1,NA,Adult
ND,ND7,6May22,ND7_06May22,Gastropoda,Lymnaeidae,Lymnaea,Lymnaea,1,NA,Adult
ND,ND8,8May22,ND8_08May22,Anostraca,Chirocephalidae,Eubranchipus,Eubranchipus.bundyi,100,M,Adult
ND,ND8,8May22,ND8_08May22,Anostraca,Chirocephalidae,Eubranchipus,Eubranchipus.bundyi,100,M,Adult
ND,ND8,8May22,ND8_08May22,Anostraca,Chirocephalidae,Eubranchipus,Eubranchipus.bundyi,100,M,Adult
ND,ND8,8May22,ND8_08May22,Anostraca,Chirocephalidae,Eubranchipus,Eubranchipus.bundyi,85,M,Adult
ND,ND8,8May22,ND8_08May22,Anostraca,Chirocephalidae,Eubranchipus,Eubranchipus.bundyi,100,F,Adult
ND,ND8,8May22,ND8_08May22,Anostraca,Chirocephalidae,Eubranchipus,Eubranchipus.bundyi,100,F,Adult
ND,ND8,8May22,ND8_08May22,Anostraca,Chirocephalidae,Eubranchipus,Eubranchipus.bundyi,100,F,Adult
ND,ND8,8May22,ND8_08May22,Anostraca,Chirocephalidae,Eubranchipus,Eubranchipus.bundyi,100,F,Adult
ND,ND8,8May22,ND8_08May22,Anostraca,Chirocephalidae,Eubranchipus,Eubranchipus.bundyi,64,F,Adult
ND,ND8,8May22,ND8_08May22,Anostraca,Chirocephalidae,Eubranchipus,Eubranchipus.ornatus,12,M,Adult
ND,ND8,8May22,ND8_08May22,Anostraca,Chirocephalidae,Eubranchipus,Eubranchipus.ornatus,6,F,Adult
ND,ND8,8May22,ND8_08May22,Anostraca,Chirocephalidae,Eubranchipus,Eubranchipus.sp,13,M,NA
ND,ND9,10May22,ND9_10May22,Anostraca,Chirocephalidae,Eubranchipus,Eubranchipus.bundyi,29,M,Adult
ND,ND9,10May22,ND9_10May22,Anostraca,Chirocephalidae,Eubranchipus,Eubranchipus.bundyi,28,F,Adult
ND,ND9,10May22,ND9_10May22,Anostraca,Chirocephalidae,Eubranchipus,Eubranchipus.ornatus,12,M,Adult
ND,ND9,10May22,ND9_10May22,Anostraca,Chirocephalidae,Eubranchipus,Eubranchipus.ornatus,12,F,Adult
ND,ND9,10May22,ND9_10May22,Gastropoda,Lymnaeidae,Lymnaea,Lymnaea,40,NA,Adult
ND,ND9,10May22,ND9_10May22,Hemiptera,Notonectidae,Notonecta,Notonecta,8,NA,Adult
ND,ND9,10May22,ND9_10May22,Hemiptera,Corixidae,Sigara,Sigara,6,NA,Adult
ND,ND9,10May22,ND9_10May22,Anostraca,Chirocephalidae,Eubranchipus,Eubranchipus.sp,7,M,NA
NM,NM8,26Jul22,NM8_26Jul22,Notostraca,Triopsidae,Triops,Triops,1,F,NA
NM,NM8,26Jul22,NM8_26Jul22,Anostraca,Thamnocephalidae,Thamnocephalus,Thamnocephalus.platyurus,2,M,NA
NM,NM8,26Jul22,NM8_26Jul22,Anostraca,Thamnocephalidae,Thamnocephalus,Thamnocephalus.platyurus,5,F,NA
NM,NM8,26Jul22,NM8_26Jul22,Anostraca,Thamnocephalidae,Thamnocephalus,Thamnocephalus.platyurus,5,F,NA
NM,NM8,26Jul22,NM8_26Jul22,Anostraca,Streptocephalidae,Streptocephalus,Streptocephalus,93,F,NA
NM,NM8,26Jul22,NM8_26Jul22,Anostraca,Streptocephalidae,Streptocephalus,Streptocephalus,71,M,NA
NM,NM8,26Jul22,NM8_26Jul22,Anostraca,Streptocephalidae,Streptocephalus,Streptocephalus.dorothae,66,M,NA
NM,NM12,13Jul22,NM12_13Jul22,Notostraca,Triopsidae,Triops,Triops,3,F,NA
NM,NM12,13Jul22,NM12_13Jul22,Notostraca,Triopsidae,Triops,Triops,3,F,NA
NM,NM12,13Jul22,NM12_13Jul22,Notostraca,Triopsidae,Triops,Triops,4,F,NA
NM,NM12,13Jul22,NM12_13Jul22,Spinicaudata,Leptestheriidae,Leptestheria,Leptestheria.compleximanus,1,M,NA
NM,NM12,13Jul22,NM12_13Jul22,Anostraca,Thamnocephalidae,Thamnocephalus,Thamnocephalus.platyurus,12,F,NA
NM,NM12,13Jul22,NM12_13Jul22,Anostraca,Thamnocephalidae,Thamnocephalus,Thamnocephalus.platyurus,12,M,NA
NM,NM12,13Jul22,NM12_13Jul22,Anostraca,Streptocephalidae,Streptocephalus,Streptocephalus,75,F,NA
NM,NM12,13Jul22,NM12_13Jul22,Anostraca,Streptocephalidae,Streptocephalus,Streptocephalus,75,F,NA
NM,NM12,13Jul22,NM12_13Jul22,Anostraca,Streptocephalidae,Streptocephalus,Streptocephalus,34,M,NA
NM,NM12,13Jul22,NM12_13Jul22,Anostraca,Streptocephalidae,Streptocephalus,Streptocephalus.mackini,65,M,NA
NM,NM12,13Jul22,NM12_13Jul22,Anostraca,Streptocephalidae,Streptocephalus,Streptocephalus.mackini,65,M,NA
NM,NM12,13Jul22,NM12_13Jul22,Anostraca,Streptocephalidae,Streptocephalus,Streptocephalus.mackini,60,M,NA
NM,NM10,26Jul22,NM10_26Jul22,Notostraca,Triopsidae,Triops,Triops,2,F,NA
NM,NM10,26Jul22,NM10_26Jul22,Notostraca,Triopsidae,Triops,Triops,2,F,NA
NM,NM10,26Jul22,NM10_26Jul22,Notostraca,Triopsidae,Triops,Triops,1,F,NA
NM,NM10,26Jul22,NM10_26Jul22,Anostraca,Thamnocephalidae,Thamnocephalus,Thamnocephalus.platyurus,7,F,NA
NM,NM10,26Jul22,NM10_26Jul22,Anostraca,Thamnocephalidae,Thamnocephalus,Thamnocephalus.platyurus,7,F,NA
NM,NM10,26Jul22,NM10_26Jul22,Anostraca,Thamnocephalidae,Thamnocephalus,Thamnocephalus.platyurus,7,F,NA
NM,NM10,26Jul22,NM10_26Jul22,Anostraca,Thamnocephalidae,Thamnocephalus,Thamnocephalus.platyurus,7,F,NA
NM,NM10,26Jul22,NM10_26Jul22,Anostraca,Thamnocephalidae,Thamnocephalus,Thamnocephalus.platyurus,7,F,NA
NM,NM10,26Jul22,NM10_26Jul22,Anostraca,Thamnocephalidae,Thamnocephalus,Thamnocephalus.platyurus,7,F,NA
NM,NM10,26Jul22,NM10_26Jul22,Anostraca,Thamnocephalidae,Thamnocephalus,Thamnocephalus.platyurus,6,M,NA
NM,NM10,26Jul22,NM10_26Jul22,Anostraca,Thamnocephalidae,Thamnocephalus,Thamnocephalus.platyurus,6,M,NA
NM,NM10,26Jul22,NM10_26Jul22,Anostraca,Thamnocephalidae,Thamnocephalus,Thamnocephalus.platyurus,5,M,NA
NM,NM10,26Jul22,NM10_26Jul22,Anostraca,Streptocephalidae,Streptocephalus,Streptocephalus,350,F,NA
NM,NM10,26Jul22,NM10_26Jul22,Anostraca,Streptocephalidae,Streptocephalus,Streptocephalus,350,F,NA
NM,NM10,26Jul22,NM10_26Jul22,Anostraca,Streptocephalidae,Streptocephalus,Streptocephalus,358,F,NA
NM,NM10,26Jul22,NM10_26Jul22,Anostraca,Streptocephalidae,Streptocephalus,Streptocephalus,350,M,NA
NM,NM10,26Jul22,NM10_26Jul22,Anostraca,Streptocephalidae,Streptocephalus,Streptocephalus,350,M,NA
NM,NM10,26Jul22,NM10_26Jul22,Anostraca,Streptocephalidae,Streptocephalus,Streptocephalus,390,M,NA
NM,NM12Ace,13Jul22,NM12Ace_13Jul22,Notostraca,Triopsidae,Triops,Triops,2,F,NA
NM,NM12Ace,13Jul22,NM12Ace_13Jul22,Spinicaudata,Leptestheriidae,Leptestheria,Leptestheria.compleximanus,2,M,NA
NM,NM12Ace,13Jul22,NM12Ace_13Jul22,Spinicaudata,Leptestheriidae,Leptestheria,Leptestheria.compleximanus,1,F,NA
NM,NM12Ace,13Jul22,NM12Ace_13Jul22,Anostraca,Thamnocephalidae,Thamnocephalus,Thamnocephalus.platyurus,16,F,NA
NM,NM12Ace,13Jul22,NM12Ace_13Jul22,Anostraca,Thamnocephalidae,Thamnocephalus,Thamnocephalus.platyurus,15,F,NA
NM,NM12Ace,13Jul22,NM12Ace_13Jul22,Anostraca,Thamnocephalidae,Thamnocephalus,Thamnocephalus.platyurus,14,M,NA
NM,NM12Ace,13Jul22,NM12Ace_13Jul22,Anostraca,Thamnocephalidae,Thamnocephalus,Thamnocephalus.platyurus,14,M,NA
NM,NM12Ace,13Jul22,NM12Ace_13Jul22,Anostraca,Streptocephalidae,Streptocephalus,Streptocephalus,80,F,NA
NM,NM12Ace,13Jul22,NM12Ace_13Jul22,Anostraca,Streptocephalidae,Streptocephalus,Streptocephalus,80,F,NA
NM,NM12Ace,13Jul22,NM12Ace_13Jul22,Anostraca,Streptocephalidae,Streptocephalus,Streptocephalus,80,F,NA
NM,NM12Ace,13Jul22,NM12Ace_13Jul22,Anostraca,Streptocephalidae,Streptocephalus,Streptocephalus,80,F,NA
NM,NM12Ace,13Jul22,NM12Ace_13Jul22,Anostraca,Streptocephalidae,Streptocephalus,Streptocephalus,80,F,NA
NM,NM12Ace,13Jul22,NM12Ace_13Jul22,Anostraca,Streptocephalidae,Streptocephalus,Streptocephalus,80,F,NA
NM,NM12Ace,13Jul22,NM12Ace_13Jul22,Anostraca,Streptocephalidae,Streptocephalus,Streptocephalus,80,F,NA
NM,NM12Ace,13Jul22,NM12Ace_13Jul22,Anostraca,Streptocephalidae,Streptocephalus,Streptocephalus,80,F,NA
NM,NM12Ace,13Jul22,NM12Ace_13Jul22,Anostraca,Streptocephalidae,Streptocephalus,Streptocephalus,80,F,NA
NM,NM12Ace,13Jul22,NM12Ace_13Jul22,Anostraca,Streptocephalidae,Streptocephalus,Streptocephalus,61,F,NA
NM,NM12Ace,13Jul22,NM12Ace_13Jul22,Anostraca,Streptocephalidae,Streptocephalus,Streptocephalus.mackini,60,M,NA
NM,NM12Ace,13Jul22,NM12Ace_13Jul22,Anostraca,Streptocephalidae,Streptocephalus,Streptocephalus.mackini,60,M,NA
NM,NM12Ace,13Jul22,NM12Ace_13Jul22,Anostraca,Streptocephalidae,Streptocephalus,Streptocephalus.mackini,60,M,NA
NM,NM12Ace,13Jul22,NM12Ace_13Jul22,Anostraca,Streptocephalidae,Streptocephalus,Streptocephalus.mackini,60,M,NA
NM,NM12Ace,13Jul22,NM12Ace_13Jul22,Anostraca,Streptocephalidae,Streptocephalus,Streptocephalus.mackini,60,M,NA
NM,NM12Ace,13Jul22,NM12Ace_13Jul22,Anostraca,Streptocephalidae,Streptocephalus,Streptocephalus.mackini,60,M,NA
NM,NM12Ace,13Jul22,NM12Ace_13Jul22,Anostraca,Streptocephalidae,Streptocephalus,Streptocephalus.mackini,60,M,NA
NM,NM12Ace,13Jul22,NM12Ace_13Jul22,Anostraca,Streptocephalidae,Streptocephalus,Streptocephalus.mackini,60,M,NA
NM,NM12Ace,13Jul22,NM12Ace_13Jul22,Anostraca,Streptocephalidae,Streptocephalus,Streptocephalus.mackini,60,M,NA
NM,NM12Ace,13Jul22,NM12Ace_13Jul22,Anostraca,Streptocephalidae,Streptocephalus,Streptocephalus.mackini,60,M,NA
NM,NM12Ace,13Jul22,NM12Ace_13Jul22,Anostraca,Streptocephalidae,Streptocephalus,Streptocephalus.mackini,23,M,NA
NM,NM12Ace,13Jul22,NM12Ace_13Jul22,Anostraca,Streptocephalidae,Streptocephalus,Streptocephalus,80,M,NA
NM,NM12Ace,13Jul22,NM12Ace_13Jul22,Anostraca,Streptocephalidae,Streptocephalus,Streptocephalus,84,M,NA
ND,ND11,15May22,ND11_15May22,Oligochaeta,Oligochaeta,Oligochaeta,Oligochaeta,2,NA,NA
ND,ND11,15May22,ND11_15May22,Diptera,Ceratopogonidae,Dasyhelea,Dasyhelea,3,NA,Larva
ND,ND11,15May22,ND11_15May22,Diptera,Stratiomyidae,Odontomyia,Odontomyia,1,NA,Larva
ND,ND11,15May22,ND11_15May22,Diptera,Culicidae,Aedes,Aedes,9,NA,Larva
ND,ND11,15May22,ND11_15May22,Coleoptera,Dytiscidae,Hygrotus,Hygrotus.sp3,1,NA,Adult
ND,ND11,15May22,ND11_15May22,Coleoptera,Hydrophilidae,Berosus,Berosus,1,NA,Adult
ND,ND11,15May22,ND11_15May22,Coleoptera,Dytiscidae,Hydroporus,Hydroporus,1,NA,Adult
ND,ND11,15May22,ND11_15May22,Coleoptera,Dytiscidae,Rhantus,Rhantus,3,NA,Larva
ND,ND11,15May22,ND11_15May22,Gastropoda,Planorbidae,Planorbinae,Planorbinae,5,NA,NA
ND,ND11,15May22,ND11_15May22,Gastropoda,Lymnaeidae,Lymnaea,Lymnaea,8,NA,NA
ND,ND11,15May22,ND11_15May22,Anostraca,Chirocephalidae,Eubranchipus,Eubranchipus.sp,34,NA,NA
ND,ND11,15May22,ND11_15May22,Diptera,Stratiomyidae,Nemotelus,Nemotelus,1,NA,Larva
ND,ND11,15May22,ND11_15May22,Diptera,Stratiomyidae,Forcipomyia,Forcipomyia,1,NA,Larva
NM,NM8,26Jul22,NM8_26Jul22,Ephemeroptera,Baetidae,Callibaetis,Callibaetis.californicus,67,NA,Nymph
NM,NM8,26Jul22,NM8_26Jul22,Hemiptera,Notonectidae,Buenoa,Buenoa,3,NA,Adult
NM,NM8,26Jul22,NM8_26Jul22,Hemiptera,Notonectidae,Notonecta,Notonecta,1,NA,Adult
NM,NM8,26Jul22,NM8_26Jul22,Hemiptera,Corixidae,Trichocorixa,Trichocorixa,1,NA,Adult
NM,NM8,26Jul22,NM8_26Jul22,Hemiptera,Corixidae,Sigara,Sigara,7,NA,Adult
NM,NM8,26Jul22,NM8_26Jul22,Hemiptera,Corixidae,Corixidae,Corixidae,13,NA,Nymph
NM,NM8,26Jul22,NM8_26Jul22,Coleoptera,Hydrophilidae,Berosus,Berosus,7,NA,Larva
NM,NM8,26Jul22,NM8_26Jul22,Coleoptera,Hydrophilidae,Berosus,Berosus,4,NA,Adult
NM,NM8,26Jul22,NM8_26Jul22,Coleoptera,Hydrophilidae,Tropisternus,Tropisternus,1,NA,Larva
NM,NM8,26Jul22,NM8_26Jul22,Coleoptera,Hydrophilidae,Hydrophilus,Hydrophilus.sp,1,NA,Larva
NM,NM8,26Jul22,NM8_26Jul22,Diptera,Chironomidae,Chironominae,Chironominae,1979,NA,Larva
NM,NM8,26Jul22,NM8_26Jul22,Diptera,Ceratopogonidae,Bezzia.Probezzia,Bezzia.Probezzia,36,NA,Larva
NM,NM8,26Jul22,NM8_26Jul22,Odonata,Libellulidae,Libellulidae,Libellulidae,1,NA,Nymph
NM,NM8,26Jul22,NM8_26Jul22,Coleoptera,Dytiscidae,Laccophilus,Laccophilus,8,NA,Larva
NM,NM8,26Jul22,NM8_26Jul22,Coleoptera,Dytiscidae,Laccophilus,Laccophilus,7,NA,Adult
NM,NM8,26Jul22,NM8_26Jul22,Coleoptera,Dytiscidae,Eretes,Eretes,2,NA,Larva
NM,NM8,26Jul22,NM8_26Jul22,Diptera,Culicidae,Culex,Culex,27,NA,Larva
NM,NM8,26Jul22,NM8_26Jul22,Diptera,Culicidae,Culicidae,Culicidae,30,NA,Pupa
NM,NM12,13Jul22,NM12_13Jul22,Hemiptera,Corixidae,Corisella,Corisella,5,NA,Adult
NM,NM12,13Jul22,NM12_13Jul22,Anostraca,Streptocephalidae,Streptocephalus,Streptocephalus.mackini,2,M,Adult
NM,NM12,13Jul22,NM12_13Jul22,Anostraca,Streptocephalidae,Streptocephalus,Streptocephalus,6,F,Adult
NM,NM12,13Jul22,NM12_13Jul22,Anostraca,Streptocephalidae,Streptocephalus,Streptocephalus,1,M,Immature
NM,NM12,13Jul22,NM12_13Jul22,Diptera,Ceratopogonidae,Bezzia.Probezzia,Bezzia.Probezzia,1,NA,Larva
NM,NM12,13Jul22,NM12_13Jul22,Coleoptera,Hydrophilidae,Berosus,Berosus,2,NA,Adult
NM,NM10,26Jul22,NM10_26Jul22,Hemiptera,Notonectidae,Notonecta,Notonecta,2,NA,Adult
NM,NM10,26Jul22,NM10_26Jul22,Hemiptera,Notonectidae,Buenoa,Buenoa,2,NA,Adult
NM,NM10,26Jul22,NM10_26Jul22,Hemiptera,Corixidae,Trichocorixa,Trichocorixa,3,NA,Adult
NM,NM10,26Jul22,NM10_26Jul22,Hemiptera,Corixidae,Corisella,Corisella,3,NA,Adult
NM,NM10,26Jul22,NM10_26Jul22,Coleoptera,Dytiscidae,Eretes,Eretes,21,NA,Larva
NM,NM10,26Jul22,NM10_26Jul22,Coleoptera,Dytiscidae,Laccophilus,Laccophilus,1,NA,Adult
NM,NM10,26Jul22,NM10_26Jul22,Anostraca,Streptocephalidae,Streptocephalus,Streptocephalus,8,NA,Immature
NM,NM10,26Jul22,NM10_26Jul22,Coleoptera,Hydrophilidae,Berosus,Berosus,8,NA,Adult
NM,NM10,26Jul22,NM10_26Jul22,Coleoptera,Hydrophilidae,Berosus,Berosus,1,NA,Larva
NM,NM10,26Jul22,NM10_26Jul22,Odonata,Libellulidae,Libellulidae,Libellulidae,2,NA,Nymph
NM,NM10,26Jul22,NM10_26Jul22,Diptera,Chironomidae,Chironominae,Chironominae,9,NA,Larva
NM,NM10,26Jul22,NM10_26Jul22,Diptera,Ceratopogonidae,Bezzia.Probezzia,Bezzia.Probezzia,2,NA,Larva
ND,ND9,10May22,ND9_10May22,Laevicaudata,Lynceidae,Lynceus,Lynceus,726,NA,NA
ND,ND9,10May22,ND9_10May22,Coleoptera,Dytiscidae,Coptotomus,Coptotomus.longulus.longulus,1,NA,Adult
ND,ND9,10May22,ND9_10May22,Coleoptera,Hydrophilidae,Enochrus,Enochrus,2,NA,Adult
ND,ND9,10May22,ND9_10May22,Coleoptera,Dytiscidae,Hydroporus,Hydroporus,1,NA,Adult
ND,ND9,10May22,ND9_10May22,Coleoptera,Dytiscidae,Rhantus,Rhantus,13,NA,Larva
ND,ND9,10May22,ND9_10May22,Coleoptera,Dytiscidae,Ilybius,Ilybius,19,NA,Larva
ND,ND9,10May22,ND9_10May22,Diptera,Chironomidae,Orthocladiinae,Orthocladiinae,1,NA,Larva
ND,ND9,10May22,ND9_10May22,Diptera,Ceratopogonidae,Ceratopogondiae,Ceratopogoninae,1,NA,Larva
ND,ND8,8May22,ND8_08May22,Odonata,Lestidae,Lestes,Lestes,3,NA,Nymph
ND,ND8,8May22,ND8_08May22,Gastropoda,Planorbidae,Planorbinae,Planorbinae,1,NA,NA
ND,ND8,8May22,ND8_08May22,Diptera,Chironomidae,Orthocladiinae,Orthocladiinae,13,NA,Larva
ND,ND8,8May22,ND8_08May22,Anostraca,Chirocephalidae,Eubranchipus,Eubranchipus.bundyi,1,M,Immature
ND,ND8,8May22,ND8_08May22,Anostraca,Chirocephalidae,Eubranchipus,Eubranchipus.sp,2,F,Immature
ND,ND8,8May22,ND8_08May22,Coleoptera,Hydrophilidae,Enochrus,Enochrus,1,NA,Adult
ND,ND8,8May22,ND8_08May22,Hemiptera,Corixidae,Trichocorixa,Trichocorixa,2,NA,Adult
ND,ND8,8May22,ND8_08May22,Coleoptera,Haliplidae,Haliplus,Haliplus.stagninus,1,NA,Adult
ND,ND8,8May22,ND8_08May22,Coleoptera,Dytiscidae,Ilybius,Ilybius,22,NA,Larva
ND,ND8,8May22,ND8_08May22,Coleoptera,Dytiscidae,Rhantus,Rhantus,52,NA,Larva
ND,ND10,11May22,ND10_11May22,Laevicaudata,Lynceidae,Lynceus,Lynceus,608,NA,NA
ND,ND8,8May22,ND8_08May22,Laevicaudata,Lynceidae,Lynceus,Lynceus,1207,NA,NA
ND,ND7,6May22,ND7_06May22,Laevicaudata,Lynceidae,Lynceus,Lynceus,1090,NA,NA
NM,PTR,31Aug22,PTR_31Aug22,Anostraca,Streptocephalidae,Streptocephalus,Streptocephalus.mackini,164,M,Adult
NM,PTR,31Aug22,PTR_31Aug22,Anostraca,Streptocephalidae,Streptocephalus,Streptocephalus.mackini,144,M,Adult
NM,PTR,31Aug22,PTR_31Aug22,Anostraca,Streptocephalidae,Streptocephalus,Streptocephalus.sp,270,M,Immature
NM,PTR,31Aug22,PTR_31Aug22,Anostraca,Streptocephalidae,Streptocephalus,Streptocephalus.mackini,224,F,Adult
NM,PTR,31Aug22,PTR_31Aug22,Anostraca,Streptocephalidae,Streptocephalus,Streptocephalus.sp,238,F,Immature
NM,PTR,31Aug22,PTR_31Aug22,Anostraca,Streptocephalidae,Streptocephalus,Streptocephalus.mackini,84,F,Adult
NM,PTR,31Aug22,PTR_31Aug22,Coleoptera,Dytiscidae,Eretes,Eretes,8,NA,Larva
NM,PTR,31Aug22,PTR_31Aug22,Coleoptera,Dytiscidae,Laccophilus,Laccophilus.fasciatus,1,NA,Adult
NM,PTR,31Aug22,PTR_31Aug22,Coleoptera,Hydrophilidae,Berosus,Berosus.miles,1,NA,Adult
NM,PTR,31Aug22,PTR_31Aug22,Hemiptera,Corixidae,Corisella,Corisella,3,NA,Adult
NM,PTR,31Aug22,PTR_31Aug22,Spinicaudata,Lymnaeidae,Eulimnadia,Eulimnadia,89,F,Adult
NM,PTR,31Aug22,PTR_31Aug22,Spinicaudata,Lymnaeidae,Eulimnadia,Eulimnadia,59,M,Adult
NM,PTR,31Aug22,PTR_31Aug22,Notostraca,Triopsidae,Triops,Triops,11,F,Adult
NM,PTR,31Aug22,PTR_31Aug22,Anostraca,Thamnocephalidae,Thamnocephalus,Thamnocephalus.platyurus,3,F,Adult
NM,PTR,31Aug22,PTR_31Aug22,Anostraca,Thamnocephalidae,Thamnocephalus,Thamnocephalus.platyurus,53,F,Immature
NM,PTR,31Aug22,PTR_31Aug22,Anostraca,Thamnocephalidae,Thamnocephalus,Thamnocephalus.platyurus,125,M,Adult
